Workbook

Sheet Index
A1: 2025 Upper Deck Skybox — The Boys (Seasons 1 & 2)
A2: Master Checklist (daily-use). Update status cells on any tab: blank=missing, 'Y…'=incoming, anything else=owned.
A4: Quick Snapshot
A5: Chase Slots | B5: Owned | C5: Incoming | D5: % Owned | E5: % Accounted | F5: Points Owned | G5: Weighted % Owned | H5: Weighted % Accounted
A6: =Dashboard!A5 -> 2396 | B6: =Dashboard!B5 -> 1761 | C6: =Dashboard!C5 -> 3 | D6: =Dashboard!F5 -> 0.73497496 | E6: =Dashboard!G5 -> 0.73622705 | F6: =Dashboard!I5 -> 21379 | G6: =Dashboard!L5 -> 0.25722811 | H6: =Dashboard!M5 -> 0.26271462
A8: Go To Tabs | B8: Rarity / odds nugget
A9: Dashboard | B9: Overall progress + rarity-weighted points
A10: Odds & Rarity | B10: Box/case pull chances + expected cases (editable inputs)
A11: Base S1 | B11: 2× Compound V / box. /7s are *rare* (see Odds tab). Enter serials like 12/25.
A12: Base S2 | B12: Same as S1. /82 & /25 are where the chase starts.
A13: Characters | B13: 50-card character base + numbered parallels
A14: Inserts - Story | B14: Quotes / Behind The Boys / In Memory Of (many at 1:5 packs)
A15: Team Ups | B15: Team Ups are very tough (often cited ~1:100 packs).
A16: A View From Home | B16: A View From Home (~1:48 packs) + SPs (see Odds tab).
A17: Retro | B17: Retro inserts + Retro autographs (now together; /1 autos not counted)
A18: Inserts - General | B18: Metal Prints + Most Wanted (combined)
A19: Supes & Supes SPs | B19: Supes Lenticular 1:30; SPs are tough (see Odds tab).
... A23: Action Figures | B23: Original art: base 1:11; variations 1:90 packs
A24: Achievements
A25: Tip: Use filters on each tab to find missing cards quickly.

Sheet Dashboard
A1: Dashboard
A3: Overall Progress (excludes /1s and printing plates from chase totals & points) | Q3: Config (editable)
A4: Chase Slots | B4: Owned | C4: Incoming | D4: Accounted | E4: Missing | F4: % Owned | G4: % Accounted | H4: Points Possible | I4: Points Owned | J4: Points Incoming | K4: Points Accounted | L4: Weighted % Owned | M4: Weighted % Accounted | Q4: Numbered numerator (K) | R4: 1000
A5: =COUNTIF(Data!$H$2:$H$5000,"Y") -> 2396 | B5: =SUMIFS(Data!$L$2:$L$5000,Data!$H$2:$H$5000,"Y") -> 1761 | C5: =SUMIFS(Data!$M$2:$M$5000,Data!$H$2:$H$5000,"Y") -> 3 | D5: =B5+C5 -> 1764 | E5: =A5-D5 -> 632 | F5: =IF(A5=0,0,B5/A5) -> 0.73497496 | G5: =IF(A5=0,0,D5/A5) -> 0.73622705 | H5: =SUMIFS(Data!$J$2:$J$5000,Data!$H$2:$H$5000,"Y") -> 83113 | I5: =SUM(Data!$P$2:$P$5000) -> 21379 | J5: =SUM(Data!$Q$2:$Q$5000) -> 456 | K5: =I5+J5 -> 21835 | L5: =IF(H5=0,0,I5/H5) -> 0.25722811 | M5: =IF(H5=0,0,K5/H5) -> 0.26271462 | Q5: Base (unnumbered) pts | R5: 1
Q6: Red (unnumbered) pts | R6: 2
A7: Collecting Progress by Insert Type (Set Name) | Q7: Gold (ePack craft) pts | R7: 3
A8: Insert Type (Set Name) | B8: Chase Slots | C8: Owned | D8: Incoming | E8: Accounted | F8: Missing | G8: % Owned | H8: % Accounted | I8: Points Possible | J8: Points Owned | K8: Points Incoming | L8: Points Accounted | M8: Weighted % Owned | N8: Weighted % Accounted | Q8: Category | R8: Multiplier
A9: Base S1 | Q9: Base | R9: 1
A10: Base Set - Season 1 | B10: =COUNTIFS(Data!$B$2:$B$5000,$A10,Data!$H$2:$H$5000,"Y") -> 100 | C10: =SUMIFS(Data!$L$2:$L$5000,Data!$B$2:$B$5000,$A10,Data!$H$2:$H$5000,"Y") -> 100 | D10: =SUMIFS(Data!$M$2:$M$5000,Data!$B$2:$B$5000,$A10,Data!$H$2:$H$5000,"Y") -> 0 | E10: =C10+D10 -> 100 | F10: =B10-E10 -> 0 | G10: =IF(B10=0,0,C10/B10) -> 1 | H10: =IF(B10=0,0,E10/B10) -> 1 | I10: =SUMIFS(Data!$J$2:$J$5000,Data!$B$2:$B$5000,$A10,Data!$H$2:$H$5000,"Y") -> 100 | J10: =SUMIFS(Data!$P$2:$P$5000,Data!$B$2:$B$5000,$A10) -> 100 | K10: =SUMIFS(Data!$Q$2:$Q$5000,Data!$B$2:$B$5000,$A10) -> 0 | L10: =J10+K10 -> 100 | M10: =IF(I10=0,0,J10/I10) -> 1 | N10: =IF(I10=0,0,L10/I10) -> 1 | Q10: Insert | R10: 1.2
A11: Red Parallel - Season 1 | B11: =COUNTIFS(Data!$B$2:$B$5000,$A11,Data!$H$2:$H$5000,"Y") -> 100 | C11: =SUMIFS(Data!$L$2:$L$5000,Data!$B$2:$B$5000,$A11,Data!$H$2:$H$5000,"Y") -> 100 | D11: =SUMIFS(Data!$M$2:$M$5000,Data!$B$2:$B$5000,$A11,Data!$H$2:$H$5000,"Y") -> 0 | E11: =C11+D11 -> 100 | F11: =B11-E11 -> 0 | G11: =IF(B11=0,0,C11/B11) -> 1 | H11: =IF(B11=0,0,E11/B11) -> 1 | I11: =SUMIFS(Data!$J$2:$J$5000,Data!$B$2:$B$5000,$A11,Data!$H$2:$H$5000,"Y") -> 200 | J11: =SUMIFS(Data!$P$2:$P$5000,Data!$B$2:$B$5000,$A11) -> 200 | K11: =SUMIFS(Data!$Q$2:$Q$5000,Data!$B$2:$B$5000,$A11) -> 0 | L11: =J11+K11 -> 200 | M11: =IF(I11=0,0,J11/I11) -> 1 | N11: =IF(I11=0,0,L11/I11) -> 1 | Q11: Lenticular/SP | R11: 1.3
A12: Compound V Parallel - Season 1 | B12: =COUNTIFS(Data!$B$2:$B$5000,$A12,Data!$H$2:$H$5000,"Y") -> 100 | C12: =SUMIFS(Data!$L$2:$L$5000,Data!$B$2:$B$5000,$A12,Data!$H$2:$H$5000,"Y") -> 100 | D12: =SUMIFS(Data!$M$2:$M$5000,Data!$B$2:$B$5000,$A12,Data!$H$2:$H$5000,"Y") -> 0 | E12: =C12+D12 -> 100 | F12: =B12-E12 -> 0 | G12: =IF(B12=0,0,C12/B12) -> 1 | H12: =IF(B12=0,0,E12/B12) -> 1 | I12: =SUMIFS(Data!$J$2:$J$5000,Data!$B$2:$B$5000,$A12,Data!$H$2:$H$5000,"Y") -> 300 | J12: =SUMIFS(Data!$P$2:$P$5000,Data!$B$2:$B$5000,$A12) -> 300 | K12: =SUMIFS(Data!$Q$2:$Q$5000,Data!$B$2:$B$5000,$A12) -> 0 | L12: =J12+K12 -> 300 | M12: =IF(I12=0,0,J12/I12) -> 1 | N12: =IF(I12=0,0,L12/I12) -> 1 | Q12: Memorabilia | R12: 1.8
A13: Gold Parallel - Season 1 | B13: =COUNTIFS(Data!$B$2:$B$5000,$A13,Data!$H$2:$H$5000,"Y") -> 100 | C13: =SUMIFS(Data!$L$2:$L$5000,Data!$B$2:$B$5000,$A13,Data!$H$2:$H$5000,"Y") -> 100 | D13: =SUMIFS(Data!$M$2:$M$5000,Data!$B$2:$B$5000,$A13,Data!$H$2:$H$5000,"Y") -> 0 | E13: =C13+D13 -> 100 | F13: =B13-E13 -> 0 | G13: =IF(B13=0,0,C13/B13) -> 1 | H13: =IF(B13=0,0,E13/B13) -> 1 | I13: =SUMIFS(Data!$J$2:$J$5000,Data!$B$2:$B$5000,$A13,Data!$H$2:$H$5000,"Y") -> 300 | J13: =SUMIFS(Data!$P$2:$P$5000,Data!$B$2:$B$5000,$A13) -> 300 | K13: =SUMIFS(Data!$Q$2:$Q$5000,Data!$B$2:$B$5000,$A13) -> 0 | L13: =J13+K13 -> 300 | M13: =IF(I13=0,0,J13/I13) -> 1 | N13: =IF(I13=0,0,L13/I13) -> 1 | Q13: Auto | R13: 2
A14: Floor 82 Parallel - Season 1 | B14: =COUNTIFS(Data!$B$2:$B$5000,$A14,Data!$H$2:$H$5000,"Y") -> 100 | C14: =SUMIFS(Data!$L$2:$L$5000,Data!$B$2:$B$5000,$A14,Data!$H$2:$H$5000,"Y") -> 100 | D14: =SUMIFS(Data!$M$2:$M$5000,Data!$B$2:$B$5000,$A14,Data!$H$2:$H$5000,"Y") -> 0 | E14: =C14+D14 -> 100 | F14: =B14-E14 -> 0 | G14: =IF(B14=0,0,C14/B14) -> 1 | H14: =IF(B14=0,0,E14/B14) -> 1 | I14: =SUMIFS(Data!$J$2:$J$5000,Data!$B$2:$B$5000,$A14,Data!$H$2:$H$5000,"Y") -> 1200 | J14: =SUMIFS(Data!$P$2:$P$5000,Data!$B$2:$B$5000,$A14) -> 1200 | K14: =SUMIFS(Data!$Q$2:$Q$5000,Data!$B$2:$B$5000,$A14) -> 0 | L14: =J14+K14 -> 1200 | M14: =IF(I14=0,0,J14/I14) -> 1 | N14: =IF(I14=0,0,L14/I14) -> 1
A15: Black Parallel - Season 1 | B15: =COUNTIFS(Data!$B$2:$B$5000,$A15,Data!$H$2:$H$5000,"Y") -> 100 | C15: =SUMIFS(Data!$L$2:$L$5000,Data!$B$2:$B$5000,$A15,Data!$H$2:$H$5000,"Y") -> 41 | D15: =SUMIFS(Data!$M$2:$M$5000,Data!$B$2:$B$5000,$A15,Data!$H$2:$H$5000,"Y") -> 0 | E15: =C15+D15 -> 41 | F15: =B15-E15 -> 59 | G15: =IF(B15=0,0,C15/B15) -> 0.41 | H15: =IF(B15=0,0,E15/B15) -> 0.41 | I15: =SUMIFS(Data!$J$2:$J$5000,Data!$B$2:$B$5000,$A15,Data!$H$2:$H$5000,"Y") -> 4000 | J15: =SUMIFS(Data!$P$2:$P$5000,Data!$B$2:$B$5000,$A15) -> 1640 | K15: =SUMIFS(Data!$Q$2:$Q$5000,Data!$B$2:$B$5000,$A15) -> 0 | L15: =J15+K15 -> 1640 | M15: =IF(I15=0,0,J15/I15) -> 0.41 | N15: =IF(I15=0,0,L15/I15) -> 0.41 | Q15: Category | R15: Unnumbered Base Pts
A16: The Seven Parallel - Season 1 | B16: =COUNTIFS(Data!$B$2:$B$5000,$A16,Data!$H$2:$H$5000,"Y") -> 100 | C16: =SUMIFS(Data!$L$2:$L$5000,Data!$B$2:$B$5000,$A16,Data!$H$2:$H$5000,"Y") -> 13 | D16: =SUMIFS(Data!$M$2:$M$5000,Data!$B$2:$B$5000,$A16,Data!$H$2:$H$5000,"Y") -> 0 | E16: =C16+D16 -> 13 | F16: =B16-E16 -> 87 | G16: =IF(B16=0,0,C16/B16) -> 0.13 | H16: =IF(B16=0,0,E16/B16) -> 0.13 | I16: =SUMIFS(Data!$J$2:$J$5000,Data!$B$2:$B$5000,$A16,Data!$H$2:$H$5000,"Y") -> 14300 | J16: =SUMIFS(Data!$P$2:$P$5000,Data!$B$2:$B$5000,$A16) -> 1859 | K16: =SUMIFS(Data!$Q$2:$Q$5000,Data!$B$2:$B$5000,$A16) -> 0 | L16: =J16+K16 -> 1859 | M16: =IF(I16=0,0,J16/I16) -> 0.13 | N16: =IF(I16=0,0,L16/I16) -> 0.13 | Q16: Base | R16: 1
A17: Base S1 TOTAL | B17: =SUM(B10:B16) -> 700 | C17: =SUM(C10:C16) -> 554 | D17: =SUM(D10:D16) -> 0 | E17: =C17+D17 -> 554 | F17: =B17-E17 -> 146 | G17: =IF(B17=0,0,C17/B17) -> 0.79142857 | H17: =IF(B17=0,0,E17/B17) -> 0.79142857 | I17: =SUM(I10:I16) -> 20400 | J17: =SUM(J10:J16) -> 5599 | K17: =SUM(K10:K16) -> 0 | L17: =J17+K17 -> 5599 | M17: =IF(I17=0,0,J17/I17) -> 0.27446078 | N17: =IF(I17=0,0,L17/I17) -> 0.27446078 | Q17: Insert | R17: 5
A19: Base S2 | Q19: Lenticular/SP | R19: 15
A20: Base Set - Season 2 | B20: =COUNTIFS(Data!$B$2:$B$5000,$A20,Data!$H$2:$H$5000,"Y") -> 100 | C20: =SUMIFS(Data!$L$2:$L$5000,Data!$B$2:$B$5000,$A20,Data!$H$2:$H$5000,"Y") -> 100 | D20: =SUMIFS(Data!$M$2:$M$5000,Data!$B$2:$B$5000,$A20,Data!$H$2:$H$5000,"Y") -> 0 | E20: =C20+D20 -> 100 | F20: =B20-E20 -> 0 | G20: =IF(B20=0,0,C20/B20) -> 1 | H20: =IF(B20=0,0,E20/B20) -> 1 | I20: =SUMIFS(Data!$J$2:$J$5000,Data!$B$2:$B$5000,$A20,Data!$H$2:$H$5000,"Y") -> 100 | J20: =SUMIFS(Data!$P$2:$P$5000,Data!$B$2:$B$5000,$A20) -> 100 | K20: =SUMIFS(Data!$Q$2:$Q$5000,Data!$B$2:$B$5000,$A20) -> 0 | L20: =J20+K20 -> 100 | M20: =IF(I20=0,0,J20/I20) -> 1 | N20: =IF(I20=0,0,L20/I20) -> 1 | Q20: Memorabilia | R20: 25
A21: Red Parallel - Season 2 | B21: =COUNTIFS(Data!$B$2:$B$5000,$A21,Data!$H$2:$H$5000,"Y") -> 100 | C21: =SUMIFS(Data!$L$2:$L$5000,Data!$B$2:$B$5000,$A21,Data!$H$2:$H$5000,"Y") -> 100 | D21: =SUMIFS(Data!$M$2:$M$5000,Data!$B$2:$B$5000,$A21,Data!$H$2:$H$5000,"Y") -> 0 | E21: =C21+D21 -> 100 | F21: =B21-E21 -> 0 | G21: =IF(B21=0,0,C21/B21) -> 1 | H21: =IF(B21=0,0,E21/B21) -> 1 | I21: =SUMIFS(Data!$J$2:$J$5000,Data!$B$2:$B$5000,$A21,Data!$H$2:$H$5000,"Y") -> 200 | J21: =SUMIFS(Data!$P$2:$P$5000,Data!$B$2:$B$5000,$A21) -> 200 | K21: =SUMIFS(Data!$Q$2:$Q$5000,Data!$B$2:$B$5000,$A21) -> 0 | L21: =J21+K21 -> 200 | M21: =IF(I21=0,0,J21/I21) -> 1 | N21: =IF(I21=0,0,L21/I21) -> 1 | Q21: Auto | R21: 25
A22: Compound V Parallel - Season 2 | B22: =COUNTIFS(Data!$B$2:$B$5000,$A22,Data!$H$2:$H$5000,"Y") -> 100 | C22: =SUMIFS(Data!$L$2:$L$5000,Data!$B$2:$B$5000,$A22,Data!$H$2:$H$5000,"Y") -> 100 | D22: =SUMIFS(Data!$M$2:$M$5000,Data!$B$2:$B$5000,$A22,Data!$H$2:$H$5000,"Y") -> 0 | E22: =C22+D22 -> 100 | F22: =B22-E22 -> 0 | G22: =IF(B22=0,0,C22/B22) -> 1 | H22: =IF(B22=0,0,E22/B22) -> 1 | I22: =SUMIFS(Data!$J$2:$J$5000,Data!$B$2:$B$5000,$A22,Data!$H$2:$H$5000,"Y") -> 300 | J22: =SUMIFS(Data!$P$2:$P$5000,Data!$B$2:$B$5000,$A22) -> 300 | K22: =SUMIFS(Data!$Q$2:$Q$5000,Data!$B$2:$B$5000,$A22) -> 0 | L22: =J22+K22 -> 300 | M22: =IF(I22=0,0,J22/I22) -> 1 | N22: =IF(I22=0,0,L22/I22) -> 1
A23: Gold Parallel - Season 2 | B23: =COUNTIFS(Data!$B$2:$B$5000,$A23,Data!$H$2:$H$5000,"Y") -> 100 | C23: =SUMIFS(Data!$L$2:$L$5000,Data!$B$2:$B$5000,$A23,Data!$H$2:$H$5000,"Y") -> 100 | D23: =SUMIFS(Data!$M$2:$M$5000,Data!$B$2:$B$5000,$A23,Data!$H$2:$H$5000,"Y") -> 0 | E23: =C23+D23 -> 100 | F23: =B23-E23 -> 0 | G23: =IF(B23=0,0,C23/B23) -> 1 | H23: =IF(B23=0,0,E23/B23) -> 1 | I23: =SUMIFS(Data!$J$2:$J$5000,Data!$B$2:$B$5000,$A23,Data!$H$2:$H$5000,"Y") -> 300 | J23: =SUMIFS(Data!$P$2:$P$5000,Data!$B$2:$B$5000,$A23) -> 300 | K23: =SUMIFS(Data!$Q$2:$Q$5000,Data!$B$2:$B$5000,$A23) -> 0 | L23: =J23+K23 -> 300 | M23: =IF(I23=0,0,J23/I23) -> 1 | N23: =IF(I23=0,0,L23/I23) -> 1 | Q23: Popularity step per tier | R23: 0.1
A24: Floor 82 Parallel - Season 2 | B24: =COUNTIFS(Data!$B$2:$B$5000,$A24,Data!$H$2:$H$5000,"Y") -> 100 | C24: =SUMIFS(Data!$L$2:$L$5000,Data!$B$2:$B$5000,$A24,Data!$H$2:$H$5000,"Y") -> 100 | D24: =SUMIFS(Data!$M$2:$M$5000,Data!$B$2:$B$5000,$A24,Data!$H$2:$H$5000,"Y") -> 0 | E24: =C24+D24 -> 100 | F24: =B24-E24 -> 0 | G24: =IF(B24=0,0,C24/B24) -> 1 | H24: =IF(B24=0,0,E24/B24) -> 1 | I24: =SUMIFS(Data!$J$2:$J$5000,Data!$B$2:$B$5000,$A24,Data!$H$2:$H$5000,"Y") -> 1200 | J24: =SUMIFS(Data!$P$2:$P$5000,Data!$B$2:$B$5000,$A24) -> 1200 | K24: =SUMIFS(Data!$Q$2:$Q$5000,Data!$B$2:$B$5000,$A24) -> 0 | L24: =J24+K24 -> 1200 | M24: =IF(I24=0,0,J24/I24) -> 1 | N24: =IF(I24=0,0,L24/I24) -> 1 | Q24: Max points per card (cap) | R24: 250
A25: Black Parallel - Season 2 | B25: =COUNTIFS(Data!$B$2:$B$5000,$A25,Data!$H$2:$H$5000,"Y") -> 100 | C25: =SUMIFS(Data!$L$2:$L$5000,Data!$B$2:$B$5000,$A25,Data!$H$2:$H$5000,"Y") -> 45 | D25: =SUMIFS(Data!$M$2:$M$5000,Data!$B$2:$B$5000,$A25,Data!$H$2:$H$5000,"Y") -> 0 | E25: =C25+D25 -> 45 | F25: =B25-E25 -> 55 | G25: =IF(B25=0,0,C25/B25) -> 0.45 | H25: =IF(B25=0,0,E25/B25) -> 0.45 | I25: =SUMIFS(Data!$J$2:$J$5000,Data!$B$2:$B$5000,$A25,Data!$H$2:$H$5000,"Y") -> 4000 | J25: =SUMIFS(Data!$P$2:$P$5000,Data!$B$2:$B$5000,$A25) -> 1800 | K25: =SUMIFS(Data!$Q$2:$Q$5000,Data!$B$2:$B$5000,$A25) -> 0 | L25: =J25+K25 -> 1800 | M25: =IF(I25=0,0,J25/I25) -> 0.45 | N25: =IF(I25=0,0,L25/I25) -> 0.45
A26: The Seven Parallel - Season 2 | B26: =COUNTIFS(Data!$B$2:$B$5000,$A26,Data!$H$2:$H$5000,"Y") -> 100 | C26: =SUMIFS(Data!$L$2:$L$5000,Data!$B$2:$B$5000,$A26,Data!$H$2:$H$5000,"Y") -> 14 | D26: =SUMIFS(Data!$M$2:$M$5000,Data!$B$2:$B$5000,$A26,Data!$H$2:$H$5000,"Y") -> 0 | E26: =C26+D26 -> 14 | F26: =B26-E26 -> 86 | G26: =IF(B26=0,0,C26/B26) -> 0.14 | H26: =IF(B26=0,0,E26/B26) -> 0.14 | I26: =SUMIFS(Data!$J$2:$J$5000,Data!$B$2:$B$5000,$A26,Data!$H$2:$H$5000,"Y") -> 14300 | J26: =SUMIFS(Data!$P$2:$P$5000,Data!$B$2:$B$5000,$A26) -> 2002 | K26: =SUMIFS(Data!$Q$2:$Q$5000,Data!$B$2:$B$5000,$A26) -> 0 | L26: =J26+K26 -> 2002 | M26: =IF(I26=0,0,J26/I26) -> 0.14 | N26: =IF(I26=0,0,L26/I26) -> 0.14
A27: Base S2 TOTAL | B27: =SUM(B20:B26) -> 700 | C27: =SUM(C20:C26) -> 559 | D27: =SUM(D20:D26) -> 0 | E27: =C27+D27 -> 559 | F27: =B27-E27 -> 141 | G27: =IF(B27=0,0,C27/B27) -> 0.79857143 | H27: =IF(B27=0,0,E27/B27) -> 0.79857143 | I27: =SUM(I20:I26) -> 20400 | J27: =SUM(J20:J26) -> 5902 | K27: =SUM(K20:K26) -> 0 | L27: =J27+K27 -> 5902 | M27: =IF(I27=0,0,J27/I27) -> 0.28931373 | N27: =IF(I27=0,0,L27/I27) -> 0.28931373 | Q27: Set Name | R27: Points Override | S27: Multiplier
Q28: Team Ups | R28: 10
A29: Characters | B29: =COUNTIFS(Data!$B$2:$B$5000,$A29,Data!$H$2:$H$5000,"Y") -> 50 | C29: =SUMIFS(Data!$L$2:$L$5000,Data!$B$2:$B$5000,$A29,Data!$H$2:$H$5000,"Y") -> 50 | D29: =SUMIFS(Data!$M$2:$M$5000,Data!$B$2:$B$5000,$A29,Data!$H$2:$H$5000,"Y") -> 0 | E29: =C29+D29 -> 50 | F29: =B29-E29 -> 0 | G29: =IF(B29=0,0,C29/B29) -> 1 | H29: =IF(B29=0,0,E29/B29) -> 1 | I29: =SUMIFS(Data!$J$2:$J$5000,Data!$B$2:$B$5000,$A29,Data!$H$2:$H$5000,"Y") -> 50 | J29: =SUMIFS(Data!$P$2:$P$5000,Data!$B$2:$B$5000,$A29) -> 50 | K29: =SUMIFS(Data!$Q$2:$Q$5000,Data!$B$2:$B$5000,$A29) -> 0 | L29: =J29+K29 -> 50 | M29: =IF(I29=0,0,J29/I29) -> 1 | N29: =IF(I29=0,0,L29/I29) -> 1 | Q29: Most Wanted | R29: 60
A30: Characters Red Parallel | B30: =COUNTIFS(Data!$B$2:$B$5000,$A30,Data!$H$2:$H$5000,"Y") -> 50 | C30: =SUMIFS(Data!$L$2:$L$5000,Data!$B$2:$B$5000,$A30,Data!$H$2:$H$5000,"Y") -> 50 | D30: =SUMIFS(Data!$M$2:$M$5000,Data!$B$2:$B$5000,$A30,Data!$H$2:$H$5000,"Y") -> 0 | E30: =C30+D30 -> 50 | F30: =B30-E30 -> 0 | G30: =IF(B30=0,0,C30/B30) -> 1 | H30: =IF(B30=0,0,E30/B30) -> 1 | I30: =SUMIFS(Data!$J$2:$J$5000,Data!$B$2:$B$5000,$A30,Data!$H$2:$H$5000,"Y") -> 100 | J30: =SUMIFS(Data!$P$2:$P$5000,Data!$B$2:$B$5000,$A30) -> 100 | K30: =SUMIFS(Data!$Q$2:$Q$5000,Data!$B$2:$B$5000,$A30) -> 0 | L30: =J30+K30 -> 100 | M30: =IF(I30=0,0,J30/I30) -> 1 | N30: =IF(I30=0,0,L30/I30) -> 1 | Q30: A View From Home SPs | S30: 1.3333333
A31: Characters Compound V Parallel | B31: =COUNTIFS(Data!$B$2:$B$5000,$A31,Data!$H$2:$H$5000,"Y") -> 50 | C31: =SUMIFS(Data!$L$2:$L$5000,Data!$B$2:$B$5000,$A31,Data!$H$2:$H$5000,"Y") -> 50 | D31: =SUMIFS(Data!$M$2:$M$5000,Data!$B$2:$B$5000,$A31,Data!$H$2:$H$5000,"Y") -> 0 | E31: =C31+D31 -> 50 | F31: =B31-E31 -> 0 | G31: =IF(B31=0,0,C31/B31) -> 1 | H31: =IF(B31=0,0,E31/B31) -> 1 | I31: =SUMIFS(Data!$J$2:$J$5000,Data!$B$2:$B$5000,$A31,Data!$H$2:$H$5000,"Y") -> 138 | J31: =SUMIFS(Data!$P$2:$P$5000,Data!$B$2:$B$5000,$A31) -> 138 | K31: =SUMIFS(Data!$Q$2:$Q$5000,Data!$B$2:$B$5000,$A31) -> 0 | L31: =J31+K31 -> 138 | M31: =IF(I31=0,0,J31/I31) -> 1 | N31: =IF(I31=0,0,L31/I31) -> 1 | Q31: Supes | S31: 2
A32: Characters Gold Parallel | B32: =COUNTIFS(Data!$B$2:$B$5000,$A32,Data!$H$2:$H$5000,"Y") -> 50 | C32: =SUMIFS(Data!$L$2:$L$5000,Data!$B$2:$B$5000,$A32,Data!$H$2:$H$5000,"Y") -> 50 | D32: =SUMIFS(Data!$M$2:$M$5000,Data!$B$2:$B$5000,$A32,Data!$H$2:$H$5000,"Y") -> 0 | E32: =C32+D32 -> 50 | F32: =B32-E32 -> 0 | G32: =IF(B32=0,0,C32/B32) -> 1 | H32: =IF(B32=0,0,E32/B32) -> 1 | I32: =SUMIFS(Data!$J$2:$J$5000,Data!$B$2:$B$5000,$A32,Data!$H$2:$H$5000,"Y") -> 156 | J32: =SUMIFS(Data!$P$2:$P$5000,Data!$B$2:$B$5000,$A32) -> 156 | K32: =SUMIFS(Data!$Q$2:$Q$5000,Data!$B$2:$B$5000,$A32) -> 0 | L32: =J32+K32 -> 156 | M32: =IF(I32=0,0,J32/I32) -> 1 | N32: =IF(I32=0,0,L32/I32) -> 1 | Q32: Supes SPs | S32: 2
A33: Characters Floor 82 Parallel | B33: =COUNTIFS(Data!$B$2:$B$5000,$A33,Data!$H$2:$H$5000,"Y") -> 50 | C33: =SUMIFS(Data!$L$2:$L$5000,Data!$B$2:$B$5000,$A33,Data!$H$2:$H$5000,"Y") -> 50 | D33: =SUMIFS(Data!$M$2:$M$5000,Data!$B$2:$B$5000,$A33,Data!$H$2:$H$5000,"Y") -> 0 | E33: =C33+D33 -> 50 | F33: =B33-E33 -> 0 | G33: =IF(B33=0,0,C33/B33) -> 1 | H33: =IF(B33=0,0,E33/B33) -> 1 | I33: =SUMIFS(Data!$J$2:$J$5000,Data!$B$2:$B$5000,$A33,Data!$H$2:$H$5000,"Y") -> 618 | J33: =SUMIFS(Data!$P$2:$P$5000,Data!$B$2:$B$5000,$A33) -> 618 | K33: =SUMIFS(Data!$Q$2:$Q$5000,Data!$B$2:$B$5000,$A33) -> 0 | L33: =J33+K33 -> 618 | M33: =IF(I33=0,0,J33/I33) -> 1 | N33: =IF(I33=0,0,L33/I33) -> 1 | Q33: Action Figures Autographs Variation | S33: 1.5
A34: Characters Black Parallel | B34: =COUNTIFS(Data!$B$2:$B$5000,$A34,Data!$H$2:$H$5000,"Y") -> 50 | C34: =SUMIFS(Data!$L$2:$L$5000,Data!$B$2:$B$5000,$A34,Data!$H$2:$H$5000,"Y") -> 32 | D34: =SUMIFS(Data!$M$2:$M$5000,Data!$B$2:$B$5000,$A34,Data!$H$2:$H$5000,"Y") -> 0 | E34: =C34+D34 -> 32 | F34: =B34-E34 -> 18 | G34: =IF(B34=0,0,C34/B34) -> 0.64 | H34: =IF(B34=0,0,E34/B34) -> 0.64 | I34: =SUMIFS(Data!$J$2:$J$5000,Data!$B$2:$B$5000,$A34,Data!$H$2:$H$5000,"Y") -> 2048 | J34: =SUMIFS(Data!$P$2:$P$5000,Data!$B$2:$B$5000,$A34) -> 1316 | K34: =SUMIFS(Data!$Q$2:$Q$5000,Data!$B$2:$B$5000,$A34) -> 0 | L34: =J34+K34 -> 1316 | M34: =IF(I34=0,0,J34/I34) -> 0.64257812 | N34: =IF(I34=0,0,L34/I34) -> 0.64257812 | Q34: Triple Supes Suits | S34: 3
A35: Characters The Seven Parallel | B35: =COUNTIFS(Data!$B$2:$B$5000,$A35,Data!$H$2:$H$5000,"Y") -> 50 | C35: =SUMIFS(Data!$L$2:$L$5000,Data!$B$2:$B$5000,$A35,Data!$H$2:$H$5000,"Y") -> 8 | D35: =SUMIFS(Data!$M$2:$M$5000,Data!$B$2:$B$5000,$A35,Data!$H$2:$H$5000,"Y") -> 0 | E35: =C35+D35 -> 8 | F35: =B35-E35 -> 42 | G35: =IF(B35=0,0,C35/B35) -> 0.16 | H35: =IF(B35=0,0,E35/B35) -> 0.16 | I35: =SUMIFS(Data!$J$2:$J$5000,Data!$B$2:$B$5000,$A35,Data!$H$2:$H$5000,"Y") -> 7318 | J35: =SUMIFS(Data!$P$2:$P$5000,Data!$B$2:$B$5000,$A35) -> 1060 | K35: =SUMIFS(Data!$Q$2:$Q$5000,Data!$B$2:$B$5000,$A35) -> 0 | L35: =J35+K35 -> 1060 | M35: =IF(I35=0,0,J35/I35) -> 0.14484832 | N35: =IF(I35=0,0,L35/I35) -> 0.14484832 | Q35: Quad Supes Suits | S35: 4
A36: Characters TOTAL | B36: =SUM(B29:B35) -> 350 | C36: =SUM(C29:C35) -> 290 | D36: =SUM(D29:D35) -> 0 | E36: =C36+D36 -> 290 | F36: =B36-E36 -> 60 | G36: =IF(B36=0,0,C36/B36) -> 0.82857143 | H36: =IF(B36=0,0,E36/B36) -> 0.82857143 | I36: =SUM(I29:I35) -> 10428 | J36: =SUM(J29:J35) -> 3438 | K36: =SUM(K29:K35) -> 0 | L36: =J36+K36 -> 3438 | M36: =IF(I36=0,0,J36/I36) -> 0.3296893 | N36: =IF(I36=0,0,L36/I36) -> 0.3296893 | Q36: Dual Supes Suits Gold | S36: 2
Q37: Triple Supes Suits Gold | S37: 3
A38: Inserts - Story | Q38: Quad Supes Suits Gold | S38: 4
A39: Behind The Boys | B39: =COUNTIFS(Data!$B$2:$B$5000,$A39,Data!$H$2:$H$5000,"Y") -> 15 | C39: =SUMIFS(Data!$L$2:$L$5000,Data!$B$2:$B$5000,$A39,Data!$H$2:$H$5000,"Y") -> 15 | D39: =SUMIFS(Data!$M$2:$M$5000,Data!$B$2:$B$5000,$A39,Data!$H$2:$H$5000,"Y") -> 0 | E39: =C39+D39 -> 15 | F39: =B39-E39 -> 0 | G39: =IF(B39=0,0,C39/B39) -> 1 | H39: =IF(B39=0,0,E39/B39) -> 1 | I39: =SUMIFS(Data!$J$2:$J$5000,Data!$B$2:$B$5000,$A39,Data!$H$2:$H$5000,"Y") -> 15 | J39: =SUMIFS(Data!$P$2:$P$5000,Data!$B$2:$B$5000,$A39) -> 15 | K39: =SUMIFS(Data!$Q$2:$Q$5000,Data!$B$2:$B$5000,$A39) -> 0 | L39: =J39+K39 -> 15 | M39: =IF(I39=0,0,J39/I39) -> 1 | N39: =IF(I39=0,0,L39/I39) -> 1 | Q39: Behind The Boys Gold Parallel | S39: 0.78
A40: In Memory Of... | B40: =COUNTIFS(Data!$B$2:$B$5000,$A40,Data!$H$2:$H$5000,"Y") -> 15 | C40: =SUMIFS(Data!$L$2:$L$5000,Data!$B$2:$B$5000,$A40,Data!$H$2:$H$5000,"Y") -> 15 | D40: =SUMIFS(Data!$M$2:$M$5000,Data!$B$2:$B$5000,$A40,Data!$H$2:$H$5000,"Y") -> 0 | E40: =C40+D40 -> 15 | F40: =B40-E40 -> 0 | G40: =IF(B40=0,0,C40/B40) -> 1 | H40: =IF(B40=0,0,E40/B40) -> 1 | I40: =SUMIFS(Data!$J$2:$J$5000,Data!$B$2:$B$5000,$A40,Data!$H$2:$H$5000,"Y") -> 15 | J40: =SUMIFS(Data!$P$2:$P$5000,Data!$B$2:$B$5000,$A40) -> 15 | K40: =SUMIFS(Data!$Q$2:$Q$5000,Data!$B$2:$B$5000,$A40) -> 0 | L40: =J40+K40 -> 15 | M40: =IF(I40=0,0,J40/I40) -> 1 | N40: =IF(I40=0,0,L40/I40) -> 1 | Q40: In Memory Of... Gold Parallel | S40: 0.78
A41: Quotes | B41: =COUNTIFS(Data!$B$2:$B$5000,$A41,Data!$H$2:$H$5000,"Y") -> 15 | C41: =SUMIFS(Data!$L$2:$L$5000,Data!$B$2:$B$5000,$A41,Data!$H$2:$H$5000,"Y") -> 15 | D41: =SUMIFS(Data!$M$2:$M$5000,Data!$B$2:$B$5000,$A41,Data!$H$2:$H$5000,"Y") -> 0 | E41: =C41+D41 -> 15 | F41: =B41-E41 -> 0 | G41: =IF(B41=0,0,C41/B41) -> 1 | H41: =IF(B41=0,0,E41/B41) -> 1 | I41: =SUMIFS(Data!$J$2:$J$5000,Data!$B$2:$B$5000,$A41,Data!$H$2:$H$5000,"Y") -> 15 | J41: =SUMIFS(Data!$P$2:$P$5000,Data!$B$2:$B$5000,$A41) -> 15 | K41: =SUMIFS(Data!$Q$2:$Q$5000,Data!$B$2:$B$5000,$A41) -> 0 | L41: =J41+K41 -> 15 | M41: =IF(I41=0,0,J41/I41) -> 1 | N41: =IF(I41=0,0,L41/I41) -> 1 | Q41: Quotes Gold Parallel | S41: 0.78
A42: Gold Parallels / Inserts | Q42: Behind The Boys | R42: 1
A43: Behind The Boys Gold Parallel | B43: =COUNTIFS(Data!$B$2:$B$5000,$A43,Data!$H$2:$H$5000,"Y") -> 15 | C43: =SUMIFS(Data!$L$2:$L$5000,Data!$B$2:$B$5000,$A43,Data!$H$2:$H$5000,"Y") -> 2 | D43: =SUMIFS(Data!$M$2:$M$5000,Data!$B$2:$B$5000,$A43,Data!$H$2:$H$5000,"Y") -> 0 | E43: =C43+D43 -> 2 | F43: =B43-E43 -> 13 | G43: =IF(B43=0,0,C43/B43) -> 0.13333333 | H43: =IF(B43=0,0,E43/B43) -> 0.13333333 | I43: =SUMIFS(Data!$J$2:$J$5000,Data!$B$2:$B$5000,$A43,Data!$H$2:$H$5000,"Y") -> 2010 | J43: =SUMIFS(Data!$P$2:$P$5000,Data!$B$2:$B$5000,$A43) -> 268 | K43: =SUMIFS(Data!$Q$2:$Q$5000,Data!$B$2:$B$5000,$A43) -> 0 | L43: =J43+K43 -> 268 | M43: =IF(I43=0,0,J43/I43) -> 0.13333333 | N43: =IF(I43=0,0,L43/I43) -> 0.13333333 | Q43: In Memory Of... | R43: 1
A44: In Memory Of... Gold Parallel | B44: =COUNTIFS(Data!$B$2:$B$5000,$A44,Data!$H$2:$H$5000,"Y") -> 15 | C44: =SUMIFS(Data!$L$2:$L$5000,Data!$B$2:$B$5000,$A44,Data!$H$2:$H$5000,"Y") -> 5 | D44: =SUMIFS(Data!$M$2:$M$5000,Data!$B$2:$B$5000,$A44,Data!$H$2:$H$5000,"Y") -> 0 | E44: =C44+D44 -> 5 | F44: =B44-E44 -> 10 | G44: =IF(B44=0,0,C44/B44) -> 0.33333333 | H44: =IF(B44=0,0,E44/B44) -> 0.33333333 | I44: =SUMIFS(Data!$J$2:$J$5000,Data!$B$2:$B$5000,$A44,Data!$H$2:$H$5000,"Y") -> 2010 | J44: =SUMIFS(Data!$P$2:$P$5000,Data!$B$2:$B$5000,$A44) -> 670 | K44: =SUMIFS(Data!$Q$2:$Q$5000,Data!$B$2:$B$5000,$A44) -> 0 | L44: =J44+K44 -> 670 | M44: =IF(I44=0,0,J44/I44) -> 0.33333333 | N44: =IF(I44=0,0,L44/I44) -> 0.33333333 | Q44: Quotes | R44: 1
A45: Quotes Gold Parallel | B45: =COUNTIFS(Data!$B$2:$B$5000,$A45,Data!$H$2:$H$5000,"Y") -> 15 | C45: =SUMIFS(Data!$L$2:$L$5000,Data!$B$2:$B$5000,$A45,Data!$H$2:$H$5000,"Y") -> 1 | D45: =SUMIFS(Data!$M$2:$M$5000,Data!$B$2:$B$5000,$A45,Data!$H$2:$H$5000,"Y") -> 0 | E45: =C45+D45 -> 1 | F45: =B45-E45 -> 14 | G45: =IF(B45=0,0,C45/B45) -> 0.066666667 | H45: =IF(B45=0,0,E45/B45) -> 0.066666667 | I45: =SUMIFS(Data!$J$2:$J$5000,Data!$B$2:$B$5000,$A45,Data!$H$2:$H$5000,"Y") -> 2010 | J45: =SUMIFS(Data!$P$2:$P$5000,Data!$B$2:$B$5000,$A45) -> 134 | K45: =SUMIFS(Data!$Q$2:$Q$5000,Data!$B$2:$B$5000,$A45) -> 0 | L45: =J45+K45 -> 134 | M45: =IF(I45=0,0,J45/I45) -> 0.066666667 | N45: =IF(I45=0,0,L45/I45) -> 0.066666667 | Q45: Action Figures | R45: 1
A46: Inserts - Story TOTAL | B46: =SUM(B39:B45) -> 90 | C46: =SUM(C39:C45) -> 53 | D46: =SUM(D39:D45) -> 0 | E46: =C46+D46 -> 53 | F46: =B46-E46 -> 37 | G46: =IF(B46=0,0,C46/B46) -> 0.58888889 | H46: =IF(B46=0,0,E46/B46) -> 0.58888889 | I46: =SUM(I39:I45) -> 6075 | J46: =SUM(J39:J45) -> 1117 | K46: =SUM(K39:K45) -> 0 | L46: =J46+K46 -> 1117 | M46: =IF(I46=0,0,J46/I46) -> 0.18386831 | N46: =IF(I46=0,0,L46/I46) -> 0.18386831 | Q46: Autographs Inscribed Parallel | S46: 1.25
Q47: Autographs Duals Inscribed Parallel | S47: 1.25
A48: Team Ups | Q48: Autographs Triples Inscribed Parallel | S48: 1.25
A49: Team Ups | B49: =COUNTIFS(Data!$B$2:$B$5000,$A49,Data!$H$2:$H$5000,"Y") -> 25 | C49: =SUMIFS(Data!$L$2:$L$5000,Data!$B$2:$B$5000,$A49,Data!$H$2:$H$5000,"Y") -> 25 | D49: =SUMIFS(Data!$M$2:$M$5000,Data!$B$2:$B$5000,$A49,Data!$H$2:$H$5000,"Y") -> 0 | E49: =C49+D49 -> 25 | F49: =B49-E49 -> 0 | G49: =IF(B49=0,0,C49/B49) -> 1 | H49: =IF(B49=0,0,E49/B49) -> 1 | I49: =SUMIFS(Data!$J$2:$J$5000,Data!$B$2:$B$5000,$A49,Data!$H$2:$H$5000,"Y") -> 250 | J49: =SUMIFS(Data!$P$2:$P$5000,Data!$B$2:$B$5000,$A49) -> 250 | K49: =SUMIFS(Data!$Q$2:$Q$5000,Data!$B$2:$B$5000,$A49) -> 0 | L49: =J49+K49 -> 250 | M49: =IF(I49=0,0,J49/I49) -> 1 | N49: =IF(I49=0,0,L49/I49) -> 1 | Q49: Autographs Quads (Inscribed) | S49: 1.25
A50: Team Ups TOTAL | B50: =SUM(B49:B49) -> 25 | C50: =SUM(C49:C49) -> 25 | D50: =SUM(D49:D49) -> 0 | E50: =C50+D50 -> 25 | F50: =B50-E50 -> 0 | G50: =IF(B50=0,0,C50/B50) -> 1 | H50: =IF(B50=0,0,E50/B50) -> 1 | I50: =SUM(I49:I49) -> 250 | J50: =SUM(J49:J49) -> 250 | K50: =SUM(K49:K49) -> 0 | L50: =J50+K50 -> 250 | M50: =IF(I50=0,0,J50/I50) -> 1 | N50: =IF(I50=0,0,L50/I50) -> 1 | Q50: Autographs Duals Gold Parallel (Inscribed) | S50: 1.25
Q51: Autographs Quads Gold Parallel (Inscribed) | S51: 1.25
A52: A View From Home | Q52: Autographs Quads Red Parallel (Inscribed) | S52: 1.25
A53: A View From Home | B53: =COUNTIFS(Data!$B$2:$B$5000,$A53,Data!$H$2:$H$5000,"Y") -> 30 | C53: =SUMIFS(Data!$L$2:$L$5000,Data!$B$2:$B$5000,$A53,Data!$H$2:$H$5000,"Y") -> 30 | D53: =SUMIFS(Data!$M$2:$M$5000,Data!$B$2:$B$5000,$A53,Data!$H$2:$H$5000,"Y") -> 0 | E53: =C53+D53 -> 30 | F53: =B53-E53 -> 0 | G53: =IF(B53=0,0,C53/B53) -> 1 | H53: =IF(B53=0,0,E53/B53) -> 1 | I53: =SUMIFS(Data!$J$2:$J$5000,Data!$B$2:$B$5000,$A53,Data!$H$2:$H$5000,"Y") -> 60 | J53: =SUMIFS(Data!$P$2:$P$5000,Data!$B$2:$B$5000,$A53) -> 60 | K53: =SUMIFS(Data!$Q$2:$Q$5000,Data!$B$2:$B$5000,$A53) -> 0 | L53: =J53+K53 -> 60 | M53: =IF(I53=0,0,J53/I53) -> 1 | N53: =IF(I53=0,0,L53/I53) -> 1 | Q53: Autographs Triples Gold Parallel (Inscribed) | S53: 1.25
A54: A View From Home SPs | B54: =COUNTIFS(Data!$B$2:$B$5000,$A54,Data!$H$2:$H$5000,"Y") -> 10 | C54: =SUMIFS(Data!$L$2:$L$5000,Data!$B$2:$B$5000,$A54,Data!$H$2:$H$5000,"Y") -> 7 | D54: =SUMIFS(Data!$M$2:$M$5000,Data!$B$2:$B$5000,$A54,Data!$H$2:$H$5000,"Y") -> 0 | E54: =C54+D54 -> 7 | F54: =B54-E54 -> 3 | G54: =IF(B54=0,0,C54/B54) -> 0.7 | H54: =IF(B54=0,0,E54/B54) -> 0.7 | I54: =SUMIFS(Data!$J$2:$J$5000,Data!$B$2:$B$5000,$A54,Data!$H$2:$H$5000,"Y") -> 120 | J54: =SUMIFS(Data!$P$2:$P$5000,Data!$B$2:$B$5000,$A54) -> 84 | K54: =SUMIFS(Data!$Q$2:$Q$5000,Data!$B$2:$B$5000,$A54) -> 0 | L54: =J54+K54 -> 84 | M54: =IF(I54=0,0,J54/I54) -> 0.7 | N54: =IF(I54=0,0,L54/I54) -> 0.7 | Q54: Autographs Printing Plates Parallel (Inscribed) | S54: 1.25
A55: A View From Home TOTAL | B55: =SUM(B53:B54) -> 40 | C55: =SUM(C53:C54) -> 37 | D55: =SUM(D53:D54) -> 0 | E55: =C55+D55 -> 37 | F55: =B55-E55 -> 3 | G55: =IF(B55=0,0,C55/B55) -> 0.925 | H55: =IF(B55=0,0,E55/B55) -> 0.925 | I55: =SUM(I53:I54) -> 180 | J55: =SUM(J53:J54) -> 144 | K55: =SUM(K53:K54) -> 0 | L55: =J55+K55 -> 144 | M55: =IF(I55=0,0,J55/I55) -> 0.8 | N55: =IF(I55=0,0,L55/I55) -> 0.8
A57: Retro
A58: Retro | B58: =COUNTIFS(Data!$B$2:$B$5000,$A58,Data!$H$2:$H$5000,"Y") -> 15 | C58: =SUMIFS(Data!$L$2:$L$5000,Data!$B$2:$B$5000,$A58,Data!$H$2:$H$5000,"Y") -> 14 | D58: =SUMIFS(Data!$M$2:$M$5000,Data!$B$2:$B$5000,$A58,Data!$H$2:$H$5000,"Y") -> 0 | E58: =C58+D58 -> 14 | F58: =B58-E58 -> 1 | G58: =IF(B58=0,0,C58/B58) -> 0.93333333 | H58: =IF(B58=0,0,E58/B58) -> 0.93333333 | I58: =SUMIFS(Data!$J$2:$J$5000,Data!$B$2:$B$5000,$A58,Data!$H$2:$H$5000,"Y") -> 45 | J58: =SUMIFS(Data!$P$2:$P$5000,Data!$B$2:$B$5000,$A58) -> 42 | K58: =SUMIFS(Data!$Q$2:$Q$5000,Data!$B$2:$B$5000,$A58) -> 0 | L58: =J58+K58 -> 42 | M58: =IF(I58=0,0,J58/I58) -> 0.93333333 | N58: =IF(I58=0,0,L58/I58) -> 0.93333333
A59: Retro Auto Parallel | B59: =COUNTIFS(Data!$B$2:$B$5000,$A59,Data!$H$2:$H$5000,"Y") -> 14 | C59: =SUMIFS(Data!$L$2:$L$5000,Data!$B$2:$B$5000,$A59,Data!$H$2:$H$5000,"Y") -> 4 | D59: =SUMIFS(Data!$M$2:$M$5000,Data!$B$2:$B$5000,$A59,Data!$H$2:$H$5000,"Y") -> 0 | E59: =C59+D59 -> 4 | F59: =B59-E59 -> 10 | G59: =IF(B59=0,0,C59/B59) -> 0.28571429 | H59: =IF(B59=0,0,E59/B59) -> 0.28571429 | I59: =SUMIFS(Data!$J$2:$J$5000,Data!$B$2:$B$5000,$A59,Data!$H$2:$H$5000,"Y") -> 331 | J59: =SUMIFS(Data!$P$2:$P$5000,Data!$B$2:$B$5000,$A59) -> 88 | K59: =SUMIFS(Data!$Q$2:$Q$5000,Data!$B$2:$B$5000,$A59) -> 0 | L59: =J59+K59 -> 88 | M59: =IF(I59=0,0,J59/I59) -> 0.26586103 | N59: =IF(I59=0,0,L59/I59) -> 0.26586103
A60: Retro TOTAL | B60: =SUM(B58:B59) -> 29 | C60: =SUM(C58:C59) -> 18 | D60: =SUM(D58:D59) -> 0 | E60: =C60+D60 -> 18 | F60: =B60-E60 -> 11 | G60: =IF(B60=0,0,C60/B60) -> 0.62068966 | H60: =IF(B60=0,0,E60/B60) -> 0.62068966 | I60: =SUM(I58:I59) -> 376 | J60: =SUM(J58:J59) -> 130 | K60: =SUM(K58:K59) -> 0 | L60: =J60+K60 -> 130 | M60: =IF(I60=0,0,J60/I60) -> 0.34574468 | N60: =IF(I60=0,0,L60/I60) -> 0.34574468
A62: Inserts - General
A63: Metal Prints | B63: =COUNTIFS(Data!$B$2:$B$5000,$A63,Data!$H$2:$H$5000,"Y") -> 30 | C63: =SUMIFS(Data!$L$2:$L$5000,Data!$B$2:$B$5000,$A63,Data!$H$2:$H$5000,"Y") -> 30 | D63: =SUMIFS(Data!$M$2:$M$5000,Data!$B$2:$B$5000,$A63,Data!$H$2:$H$5000,"Y") -> 0 | E63: =C63+D63 -> 30 | F63: =B63-E63 -> 0 | G63: =IF(B63=0,0,C63/B63) -> 1 | H63: =IF(B63=0,0,E63/B63) -> 1 | I63: =SUMIFS(Data!$J$2:$J$5000,Data!$B$2:$B$5000,$A63,Data!$H$2:$H$5000,"Y") -> 60 | J63: =SUMIFS(Data!$P$2:$P$5000,Data!$B$2:$B$5000,$A63) -> 60 | K63: =SUMIFS(Data!$Q$2:$Q$5000,Data!$B$2:$B$5000,$A63) -> 0 | L63: =J63+K63 -> 60 | M63: =IF(I63=0,0,J63/I63) -> 1 | N63: =IF(I63=0,0,L63/I63) -> 1
A64: Most Wanted | B64: =COUNTIFS(Data!$B$2:$B$5000,$A64,Data!$H$2:$H$5000,"Y") -> 5 | C64: =SUMIFS(Data!$L$2:$L$5000,Data!$B$2:$B$5000,$A64,Data!$H$2:$H$5000,"Y") -> 5 | D64: =SUMIFS(Data!$M$2:$M$5000,Data!$B$2:$B$5000,$A64,Data!$H$2:$H$5000,"Y") -> 0 | E64: =C64+D64 -> 5 | F64: =B64-E64 -> 0 | G64: =IF(B64=0,0,C64/B64) -> 1 | H64: =IF(B64=0,0,E64/B64) -> 1 | I64: =SUMIFS(Data!$J$2:$J$5000,Data!$B$2:$B$5000,$A64,Data!$H$2:$H$5000,"Y") -> 300 | J64: =SUMIFS(Data!$P$2:$P$5000,Data!$B$2:$B$5000,$A64) -> 300 | K64: =SUMIFS(Data!$Q$2:$Q$5000,Data!$B$2:$B$5000,$A64) -> 0 | L64: =J64+K64 -> 300 | M64: =IF(I64=0,0,J64/I64) -> 1 | N64: =IF(I64=0,0,L64/I64) -> 1
A65: Inserts - General TOTAL | B65: =SUM(B63:B64) -> 35 | C65: =SUM(C63:C64) -> 35 | D65: =SUM(D63:D64) -> 0 | E65: =C65+D65 -> 35 | F65: =B65-E65 -> 0 | G65: =IF(B65=0,0,C65/B65) -> 1 | H65: =IF(B65=0,0,E65/B65) -> 1 | I65: =SUM(I63:I64) -> 360 | J65: =SUM(J63:J64) -> 360 | K65: =SUM(K63:K64) -> 0 | L65: =J65+K65 -> 360 | M65: =IF(I65=0,0,J65/I65) -> 1 | N65: =IF(I65=0,0,L65/I65) -> 1
A67: Lenticular & SP
A68: Supes | B68: =COUNTIFS(Data!$B$2:$B$5000,$A68,Data!$H$2:$H$5000,"Y") -> 30 | C68: =SUMIFS(Data!$L$2:$L$5000,Data!$B$2:$B$5000,$A68,Data!$H$2:$H$5000,"Y") -> 30 | D68: =SUMIFS(Data!$M$2:$M$5000,Data!$B$2:$B$5000,$A68,Data!$H$2:$H$5000,"Y") -> 0 | E68: =C68+D68 -> 30 | F68: =B68-E68 -> 0 | G68: =IF(B68=0,0,C68/B68) -> 1 | H68: =IF(B68=0,0,E68/B68) -> 1 | I68: =SUMIFS(Data!$J$2:$J$5000,Data!$B$2:$B$5000,$A68,Data!$H$2:$H$5000,"Y") -> 60 | J68: =SUMIFS(Data!$P$2:$P$5000,Data!$B$2:$B$5000,$A68) -> 60 | K68: =SUMIFS(Data!$Q$2:$Q$5000,Data!$B$2:$B$5000,$A68) -> 0 | L68: =J68+K68 -> 60 | M68: =IF(I68=0,0,J68/I68) -> 1 | N68: =IF(I68=0,0,L68/I68) -> 1
A69: Supes SPs | B69: =COUNTIFS(Data!$B$2:$B$5000,$A69,Data!$H$2:$H$5000,"Y") -> 10 | C69: =SUMIFS(Data!$L$2:$L$5000,Data!$B$2:$B$5000,$A69,Data!$H$2:$H$5000,"Y") -> 9 | D69: =SUMIFS(Data!$M$2:$M$5000,Data!$B$2:$B$5000,$A69,Data!$H$2:$H$5000,"Y") -> 0 | E69: =C69+D69 -> 9 | F69: =B69-E69 -> 1 | G69: =IF(B69=0,0,C69/B69) -> 0.9 | H69: =IF(B69=0,0,E69/B69) -> 0.9 | I69: =SUMIFS(Data!$J$2:$J$5000,Data!$B$2:$B$5000,$A69,Data!$H$2:$H$5000,"Y") -> 180 | J69: =SUMIFS(Data!$P$2:$P$5000,Data!$B$2:$B$5000,$A69) -> 162 | K69: =SUMIFS(Data!$Q$2:$Q$5000,Data!$B$2:$B$5000,$A69) -> 0 | L69: =J69+K69 -> 162 | M69: =IF(I69=0,0,J69/I69) -> 0.9 | N69: =IF(I69=0,0,L69/I69) -> 0.9
A70: Lenticular & SP TOTAL | B70: =SUM(B68:B69) -> 40 | C70: =SUM(C68:C69) -> 39 | D70: =SUM(D68:D69) -> 0 | E70: =C70+D70 -> 39 | F70: =B70-E70 -> 1 | G70: =IF(B70=0,0,C70/B70) -> 0.975 | H70: =IF(B70=0,0,E70/B70) -> 0.975 | I70: =SUM(I68:I69) -> 240 | J70: =SUM(J68:J69) -> 222 | K70: =SUM(K68:K69) -> 0 | L70: =J70+K70 -> 222 | M70: =IF(I70=0,0,J70/I70) -> 0.925 | N70: =IF(I70=0,0,L70/I70) -> 0.925
A72: Action Figures
A73: Action Figures | B73: =COUNTIFS(Data!$B$2:$B$5000,$A73,Data!$H$2:$H$5000,"Y") -> 15 | C73: =SUMIFS(Data!$L$2:$L$5000,Data!$B$2:$B$5000,$A73,Data!$H$2:$H$5000,"Y") -> 15 | D73: =SUMIFS(Data!$M$2:$M$5000,Data!$B$2:$B$5000,$A73,Data!$H$2:$H$5000,"Y") -> 0 | E73: =C73+D73 -> 15 | F73: =B73-E73 -> 0 | G73: =IF(B73=0,0,C73/B73) -> 1 | H73: =IF(B73=0,0,E73/B73) -> 1 | I73: =SUMIFS(Data!$J$2:$J$5000,Data!$B$2:$B$5000,$A73,Data!$H$2:$H$5000,"Y") -> 15 | J73: =SUMIFS(Data!$P$2:$P$5000,Data!$B$2:$B$5000,$A73) -> 15 | K73: =SUMIFS(Data!$Q$2:$Q$5000,Data!$B$2:$B$5000,$A73) -> 0 | L73: =J73+K73 -> 15 | M73: =IF(I73=0,0,J73/I73) -> 1 | N73: =IF(I73=0,0,L73/I73) -> 1
A74: Action Figures Variation | B74: =COUNTIFS(Data!$B$2:$B$5000,$A74,Data!$H$2:$H$5000,"Y") -> 15 | C74: =SUMIFS(Data!$L$2:$L$5000,Data!$B$2:$B$5000,$A74,Data!$H$2:$H$5000,"Y") -> 14 | D74: =SUMIFS(Data!$M$2:$M$5000,Data!$B$2:$B$5000,$A74,Data!$H$2:$H$5000,"Y") -> 0 | E74: =C74+D74 -> 14 | F74: =B74-E74 -> 1 | G74: =IF(B74=0,0,C74/B74) -> 0.93333333 | H74: =IF(B74=0,0,E74/B74) -> 0.93333333 | I74: =SUMIFS(Data!$J$2:$J$5000,Data!$B$2:$B$5000,$A74,Data!$H$2:$H$5000,"Y") -> 30 | J74: =SUMIFS(Data!$P$2:$P$5000,Data!$B$2:$B$5000,$A74) -> 28 | K74: =SUMIFS(Data!$Q$2:$Q$5000,Data!$B$2:$B$5000,$A74) -> 0 | L74: =J74+K74 -> 28 | M74: =IF(I74=0,0,J74/I74) -> 0.93333333 | N74: =IF(I74=0,0,L74/I74) -> 0.93333333
A75: Action Figures Autographs | B75: =COUNTIFS(Data!$B$2:$B$5000,$A75,Data!$H$2:$H$5000,"Y") -> 14 | C75: =SUMIFS(Data!$L$2:$L$5000,Data!$B$2:$B$5000,$A75,Data!$H$2:$H$5000,"Y") -> 3 | D75: =SUMIFS(Data!$M$2:$M$5000,Data!$B$2:$B$5000,$A75,Data!$H$2:$H$5000,"Y") -> 0 | E75: =C75+D75 -> 3 | F75: =B75-E75 -> 11 | G75: =IF(B75=0,0,C75/B75) -> 0.21428571 | H75: =IF(B75=0,0,E75/B75) -> 0.21428571 | I75: =SUMIFS(Data!$J$2:$J$5000,Data!$B$2:$B$5000,$A75,Data!$H$2:$H$5000,"Y") -> 150 | J75: =SUMIFS(Data!$P$2:$P$5000,Data!$B$2:$B$5000,$A75) -> 30 | K75: =SUMIFS(Data!$Q$2:$Q$5000,Data!$B$2:$B$5000,$A75) -> 0 | L75: =J75+K75 -> 30 | M75: =IF(I75=0,0,J75/I75) -> 0.2 | N75: =IF(I75=0,0,L75/I75) -> 0.2
A76: Action Figures Autographs Variation | B76: =COUNTIFS(Data!$B$2:$B$5000,$A76,Data!$H$2:$H$5000,"Y") -> 4 | C76: =SUMIFS(Data!$L$2:$L$5000,Data!$B$2:$B$5000,$A76,Data!$H$2:$H$5000,"Y") -> 0 | D76: =SUMIFS(Data!$M$2:$M$5000,Data!$B$2:$B$5000,$A76,Data!$H$2:$H$5000,"Y") -> 0 | E76: =C76+D76 -> 0 | F76: =B76-E76 -> 4 | G76: =IF(B76=0,0,C76/B76) -> 0 | H76: =IF(B76=0,0,E76/B76) -> 0 | I76: =SUMIFS(Data!$J$2:$J$5000,Data!$B$2:$B$5000,$A76,Data!$H$2:$H$5000,"Y") -> 57 | J76: =SUMIFS(Data!$P$2:$P$5000,Data!$B$2:$B$5000,$A76) -> 0 | K76: =SUMIFS(Data!$Q$2:$Q$5000,Data!$B$2:$B$5000,$A76) -> 0 | L76: =J76+K76 -> 0 | M76: =IF(I76=0,0,J76/I76) -> 0 | N76: =IF(I76=0,0,L76/I76) -> 0
A77: Action Figures TOTAL | B77: =SUM(B73:B76) -> 48 | C77: =SUM(C73:C76) -> 32 | D77: =SUM(D73:D76) -> 0 | E77: =C77+D77 -> 32 | F77: =B77-E77 -> 16 | G77: =IF(B77=0,0,C77/B77) -> 0.66666667 | H77: =IF(B77=0,0,E77/B77) -> 0.66666667 | I77: =SUM(I73:I76) -> 252 | J77: =SUM(J73:J76) -> 73 | K77: =SUM(K73:K76) -> 0 | L77: =J77+K77 -> 73 | M77: =IF(I77=0,0,J77/I77) -> 0.28968254 | N77: =IF(I77=0,0,L77/I77) -> 0.28968254
A79: Supes Suits
A80: Supes Suits | B80: =COUNTIFS(Data!$B$2:$B$5000,$A80,Data!$H$2:$H$5000,"Y") -> 8 | C80: =SUMIFS(Data!$L$2:$L$5000,Data!$B$2:$B$5000,$A80,Data!$H$2:$H$5000,"Y") -> 8 | D80: =SUMIFS(Data!$M$2:$M$5000,Data!$B$2:$B$5000,$A80,Data!$H$2:$H$5000,"Y") -> 0 | E80: =C80+D80 -> 8 | F80: =B80-E80 -> 0 | G80: =IF(B80=0,0,C80/B80) -> 1 | H80: =IF(B80=0,0,E80/B80) -> 1 | I80: =SUMIFS(Data!$J$2:$J$5000,Data!$B$2:$B$5000,$A80,Data!$H$2:$H$5000,"Y") -> 22 | J80: =SUMIFS(Data!$P$2:$P$5000,Data!$B$2:$B$5000,$A80) -> 22 | K80: =SUMIFS(Data!$Q$2:$Q$5000,Data!$B$2:$B$5000,$A80) -> 0 | L80: =J80+K80 -> 22 | M80: =IF(I80=0,0,J80/I80) -> 1 | N80: =IF(I80=0,0,L80/I80) -> 1
A81: Supes Suits SP's | B81: =COUNTIFS(Data!$B$2:$B$5000,$A81,Data!$H$2:$H$5000,"Y") -> 8 | C81: =SUMIFS(Data!$L$2:$L$5000,Data!$B$2:$B$5000,$A81,Data!$H$2:$H$5000,"Y") -> 5 | D81: =SUMIFS(Data!$M$2:$M$5000,Data!$B$2:$B$5000,$A81,Data!$H$2:$H$5000,"Y") -> 0 | E81: =C81+D81 -> 5 | F81: =B81-E81 -> 3 | G81: =IF(B81=0,0,C81/B81) -> 0.625 | H81: =IF(B81=0,0,E81/B81) -> 0.625 | I81: =SUMIFS(Data!$J$2:$J$5000,Data!$B$2:$B$5000,$A81,Data!$H$2:$H$5000,"Y") -> 88 | J81: =SUMIFS(Data!$P$2:$P$5000,Data!$B$2:$B$5000,$A81) -> 53 | K81: =SUMIFS(Data!$Q$2:$Q$5000,Data!$B$2:$B$5000,$A81) -> 0 | L81: =J81+K81 -> 53 | M81: =IF(I81=0,0,J81/I81) -> 0.60227273 | N81: =IF(I81=0,0,L81/I81) -> 0.60227273
A82: Dual Supes Suits | B82: =COUNTIFS(Data!$B$2:$B$5000,$A82,Data!$H$2:$H$5000,"Y") -> 6 | C82: =SUMIFS(Data!$L$2:$L$5000,Data!$B$2:$B$5000,$A82,Data!$H$2:$H$5000,"Y") -> 6 | D82: =SUMIFS(Data!$M$2:$M$5000,Data!$B$2:$B$5000,$A82,Data!$H$2:$H$5000,"Y") -> 0 | E82: =C82+D82 -> 6 | F82: =B82-E82 -> 0 | G82: =IF(B82=0,0,C82/B82) -> 1 | H82: =IF(B82=0,0,E82/B82) -> 1 | I82: =SUMIFS(Data!$J$2:$J$5000,Data!$B$2:$B$5000,$A82,Data!$H$2:$H$5000,"Y") -> 42 | J82: =SUMIFS(Data!$P$2:$P$5000,Data!$B$2:$B$5000,$A82) -> 42 | K82: =SUMIFS(Data!$Q$2:$Q$5000,Data!$B$2:$B$5000,$A82) -> 0 | L82: =J82+K82 -> 42 | M82: =IF(I82=0,0,J82/I82) -> 1 | N82: =IF(I82=0,0,L82/I82) -> 1
A83: Triple Supes Suits | B83: =COUNTIFS(Data!$B$2:$B$5000,$A83,Data!$H$2:$H$5000,"Y") -> 2 | C83: =SUMIFS(Data!$L$2:$L$5000,Data!$B$2:$B$5000,$A83,Data!$H$2:$H$5000,"Y") -> 1 | D83: =SUMIFS(Data!$M$2:$M$5000,Data!$B$2:$B$5000,$A83,Data!$H$2:$H$5000,"Y") -> 0 | E83: =C83+D83 -> 1 | F83: =B83-E83 -> 1 | G83: =IF(B83=0,0,C83/B83) -> 0.5 | H83: =IF(B83=0,0,E83/B83) -> 0.5 | I83: =SUMIFS(Data!$J$2:$J$5000,Data!$B$2:$B$5000,$A83,Data!$H$2:$H$5000,"Y") -> 76 | J83: =SUMIFS(Data!$P$2:$P$5000,Data!$B$2:$B$5000,$A83) -> 38 | K83: =SUMIFS(Data!$Q$2:$Q$5000,Data!$B$2:$B$5000,$A83) -> 0 | L83: =J83+K83 -> 38 | M83: =IF(I83=0,0,J83/I83) -> 0.5 | N83: =IF(I83=0,0,L83/I83) -> 0.5
A84: Quad Supes Suits | B84: =COUNTIFS(Data!$B$2:$B$5000,$A84,Data!$H$2:$H$5000,"Y") -> 2 | C84: =SUMIFS(Data!$L$2:$L$5000,Data!$B$2:$B$5000,$A84,Data!$H$2:$H$5000,"Y") -> 0 | D84: =SUMIFS(Data!$M$2:$M$5000,Data!$B$2:$B$5000,$A84,Data!$H$2:$H$5000,"Y") -> 0 | E84: =C84+D84 -> 0 | F84: =B84-E84 -> 2 | G84: =IF(B84=0,0,C84/B84) -> 0 | H84: =IF(B84=0,0,E84/B84) -> 0 | I84: =SUMIFS(Data!$J$2:$J$5000,Data!$B$2:$B$5000,$A84,Data!$H$2:$H$5000,"Y") -> 202 | J84: =SUMIFS(Data!$P$2:$P$5000,Data!$B$2:$B$5000,$A84) -> 0 | K84: =SUMIFS(Data!$Q$2:$Q$5000,Data!$B$2:$B$5000,$A84) -> 0 | L84: =J84+K84 -> 0 | M84: =IF(I84=0,0,J84/I84) -> 0 | N84: =IF(I84=0,0,L84/I84) -> 0
A85: Gold Parallels / Inserts
A86: Supes Suits Gold | B86: =COUNTIFS(Data!$B$2:$B$5000,$A86,Data!$H$2:$H$5000,"Y") -> 4 | C86: =SUMIFS(Data!$L$2:$L$5000,Data!$B$2:$B$5000,$A86,Data!$H$2:$H$5000,"Y") -> 2 | D86: =SUMIFS(Data!$M$2:$M$5000,Data!$B$2:$B$5000,$A86,Data!$H$2:$H$5000,"Y") -> 0 | E86: =C86+D86 -> 2 | F86: =B86-E86 -> 2 | G86: =IF(B86=0,0,C86/B86) -> 0.5 | H86: =IF(B86=0,0,E86/B86) -> 0.5 | I86: =SUMIFS(Data!$J$2:$J$5000,Data!$B$2:$B$5000,$A86,Data!$H$2:$H$5000,"Y") -> 316 | J86: =SUMIFS(Data!$P$2:$P$5000,Data!$B$2:$B$5000,$A86) -> 151 | K86: =SUMIFS(Data!$Q$2:$Q$5000,Data!$B$2:$B$5000,$A86) -> 0 | L86: =J86+K86 -> 151 | M86: =IF(I86=0,0,J86/I86) -> 0.4778481 | N86: =IF(I86=0,0,L86/I86) -> 0.4778481
A87: Dual Supes Suits Gold | B87: =COUNTIFS(Data!$B$2:$B$5000,$A87,Data!$H$2:$H$5000,"Y") -> 3 | C87: =SUMIFS(Data!$L$2:$L$5000,Data!$B$2:$B$5000,$A87,Data!$H$2:$H$5000,"Y") -> 1 | D87: =SUMIFS(Data!$M$2:$M$5000,Data!$B$2:$B$5000,$A87,Data!$H$2:$H$5000,"Y") -> 0 | E87: =C87+D87 -> 1 | F87: =B87-E87 -> 2 | G87: =IF(B87=0,0,C87/B87) -> 0.33333333 | H87: =IF(B87=0,0,E87/B87) -> 0.33333333 | I87: =SUMIFS(Data!$J$2:$J$5000,Data!$B$2:$B$5000,$A87,Data!$H$2:$H$5000,"Y") -> 432 | J87: =SUMIFS(Data!$P$2:$P$5000,Data!$B$2:$B$5000,$A87) -> 144 | K87: =SUMIFS(Data!$Q$2:$Q$5000,Data!$B$2:$B$5000,$A87) -> 0 | L87: =J87+K87 -> 144 | M87: =IF(I87=0,0,J87/I87) -> 0.33333333 | N87: =IF(I87=0,0,L87/I87) -> 0.33333333
A88: Triple Supes Suits Gold | B88: =COUNTIFS(Data!$B$2:$B$5000,$A88,Data!$H$2:$H$5000,"Y") -> 1 | C88: =SUMIFS(Data!$L$2:$L$5000,Data!$B$2:$B$5000,$A88,Data!$H$2:$H$5000,"Y") -> 0 | D88: =SUMIFS(Data!$M$2:$M$5000,Data!$B$2:$B$5000,$A88,Data!$H$2:$H$5000,"Y") -> 0 | E88: =C88+D88 -> 0 | F88: =B88-E88 -> 1 | G88: =IF(B88=0,0,C88/B88) -> 0 | H88: =IF(B88=0,0,E88/B88) -> 0 | I88: =SUMIFS(Data!$J$2:$J$5000,Data!$B$2:$B$5000,$A88,Data!$H$2:$H$5000,"Y") -> 216 | J88: =SUMIFS(Data!$P$2:$P$5000,Data!$B$2:$B$5000,$A88) -> 0 | K88: =SUMIFS(Data!$Q$2:$Q$5000,Data!$B$2:$B$5000,$A88) -> 0 | L88: =J88+K88 -> 0 | M88: =IF(I88=0,0,J88/I88) -> 0 | N88: =IF(I88=0,0,L88/I88) -> 0
A89: Quad Supes Suits Gold | B89: =COUNTIFS(Data!$B$2:$B$5000,$A89,Data!$H$2:$H$5000,"Y") -> 1 | C89: =SUMIFS(Data!$L$2:$L$5000,Data!$B$2:$B$5000,$A89,Data!$H$2:$H$5000,"Y") -> 0 | D89: =SUMIFS(Data!$M$2:$M$5000,Data!$B$2:$B$5000,$A89,Data!$H$2:$H$5000,"Y") -> 0 | E89: =C89+D89 -> 0 | F89: =B89-E89 -> 1 | G89: =IF(B89=0,0,C89/B89) -> 0 | H89: =IF(B89=0,0,E89/B89) -> 0 | I89: =SUMIFS(Data!$J$2:$J$5000,Data!$B$2:$B$5000,$A89,Data!$H$2:$H$5000,"Y") -> 250 | J89: =SUMIFS(Data!$P$2:$P$5000,Data!$B$2:$B$5000,$A89) -> 0 | K89: =SUMIFS(Data!$Q$2:$Q$5000,Data!$B$2:$B$5000,$A89) -> 0 | L89: =J89+K89 -> 0 | M89: =IF(I89=0,0,J89/I89) -> 0 | N89: =IF(I89=0,0,L89/I89) -> 0
A90: Supes Suits TOTAL | B90: =SUM(B80:B89) -> 35 | C90: =SUM(C80:C89) -> 23 | D90: =SUM(D80:D89) -> 0 | E90: =C90+D90 -> 23 | F90: =B90-E90 -> 12 | G90: =IF(B90=0,0,C90/B90) -> 0.65714286 | H90: =IF(B90=0,0,E90/B90) -> 0.65714286 | I90: =SUM(I80:I89) -> 1644 | J90: =SUM(J80:J89) -> 450 | K90: =SUM(K80:K89) -> 0 | L90: =J90+K90 -> 450 | M90: =IF(I90=0,0,J90/I90) -> 0.27372263 | N90: =IF(I90=0,0,L90/I90) -> 0.27372263
A92: Autos - Singles
A93: Autographs (Base) | B93: =COUNTIFS(Data!$B$2:$B$5000,"Autographs",Data!$E$2:$E$5000,"Base",Data!$H$2:$H$5000,"Y") -> 56 | C93: =SUMIFS(Data!$L$2:$L$5000,Data!$B$2:$B$5000,"Autographs",Data!$E$2:$E$5000,"Base",Data!$H$2:$H$5000,"Y") -> 33 | D93: =SUMIFS(Data!$M$2:$M$5000,Data!$B$2:$B$5000,"Autographs",Data!$E$2:$E$5000,"Base",Data!$H$2:$H$5000,"Y") -> 0 | E93: =C93+D93 -> 33 | F93: =B93-E93 -> 23 | G93: =IF(B93=0,0,C93/B93) -> 0.58928571 | H93: =IF(B93=0,0,E93/B93) -> 0.58928571 | I93: =SUMIFS(Data!$J$2:$J$5000,Data!$B$2:$B$5000,"Autographs",Data!$E$2:$E$5000,"Base",Data!$H$2:$H$5000,"Y") -> 905 | J93: =SUMIFS(Data!$P$2:$P$5000,Data!$B$2:$B$5000,"Autographs",Data!$E$2:$E$5000,"Base") -> 515 | K93: =SUMIFS(Data!$Q$2:$Q$5000,Data!$B$2:$B$5000,"Autographs",Data!$E$2:$E$5000,"Base") -> 0 | L93: =J93+K93 -> 515 | M93: =IF(I93=0,0,J93/I93) -> 0.56906077 | N93: =IF(I93=0,0,L93/I93) -> 0.56906077
A94: Autographs Red Parallel | B94: =COUNTIFS(Data!$B$2:$B$5000,$A94,Data!$H$2:$H$5000,"Y") -> 64 | C94: =SUMIFS(Data!$L$2:$L$5000,Data!$B$2:$B$5000,$A94,Data!$H$2:$H$5000,"Y") -> 18 | D94: =SUMIFS(Data!$M$2:$M$5000,Data!$B$2:$B$5000,$A94,Data!$H$2:$H$5000,"Y") -> 1 | E94: =C94+D94 -> 19 | F94: =B94-E94 -> 45 | G94: =IF(B94=0,0,C94/B94) -> 0.28125 | H94: =IF(B94=0,0,E94/B94) -> 0.296875 | I94: =SUMIFS(Data!$J$2:$J$5000,Data!$B$2:$B$5000,$A94,Data!$H$2:$H$5000,"Y") -> 4064 | J94: =SUMIFS(Data!$P$2:$P$5000,Data!$B$2:$B$5000,$A94) -> 945 | K94: =SUMIFS(Data!$Q$2:$Q$5000,Data!$B$2:$B$5000,$A94) -> 96 | L94: =J94+K94 -> 1041 | M94: =IF(I94=0,0,J94/I94) -> 0.23252953 | N94: =IF(I94=0,0,L94/I94) -> 0.25615157
A95: Autographs (Inscribed) | B95: =COUNTIFS(Data!$B$2:$B$5000,"Autographs",Data!$E$2:$E$5000,"Inscribed",Data!$H$2:$H$5000,"Y") -> 10 | C95: =SUMIFS(Data!$L$2:$L$5000,Data!$B$2:$B$5000,"Autographs",Data!$E$2:$E$5000,"Inscribed",Data!$H$2:$H$5000,"Y") -> 6 | D95: =SUMIFS(Data!$M$2:$M$5000,Data!$B$2:$B$5000,"Autographs",Data!$E$2:$E$5000,"Inscribed",Data!$H$2:$H$5000,"Y") -> 0 | E95: =C95+D95 -> 6 | F95: =B95-E95 -> 4 | G95: =IF(B95=0,0,C95/B95) -> 0.6 | H95: =IF(B95=0,0,E95/B95) -> 0.6 | I95: =SUMIFS(Data!$J$2:$J$5000,Data!$B$2:$B$5000,"Autographs",Data!$E$2:$E$5000,"Inscribed",Data!$H$2:$H$5000,"Y") -> 161 | J95: =SUMIFS(Data!$P$2:$P$5000,Data!$B$2:$B$5000,"Autographs",Data!$E$2:$E$5000,"Inscribed") -> 101 | K95: =SUMIFS(Data!$Q$2:$Q$5000,Data!$B$2:$B$5000,"Autographs",Data!$E$2:$E$5000,"Inscribed") -> 0 | L95: =J95+K95 -> 101 | M95: =IF(I95=0,0,J95/I95) -> 0.62732919 | N95: =IF(I95=0,0,L95/I95) -> 0.62732919
A96: Autographs Inscribed Parallel | B96: =COUNTIFS(Data!$B$2:$B$5000,$A96,Data!$H$2:$H$5000,"Y") -> 66 | C96: =SUMIFS(Data!$L$2:$L$5000,Data!$B$2:$B$5000,$A96,Data!$H$2:$H$5000,"Y") -> 5 | D96: =SUMIFS(Data!$M$2:$M$5000,Data!$B$2:$B$5000,$A96,Data!$H$2:$H$5000,"Y") -> 1 | E96: =C96+D96 -> 6 | F96: =B96-E96 -> 60 | G96: =IF(B96=0,0,C96/B96) -> 0.075757576 | H96: =IF(B96=0,0,E96/B96) -> 0.090909091 | I96: =SUMIFS(Data!$J$2:$J$5000,Data!$B$2:$B$5000,$A96,Data!$H$2:$H$5000,"Y") -> 6980 | J96: =SUMIFS(Data!$P$2:$P$5000,Data!$B$2:$B$5000,$A96) -> 560 | K96: =SUMIFS(Data!$Q$2:$Q$5000,Data!$B$2:$B$5000,$A96) -> 110 | L96: =J96+K96 -> 670 | M96: =IF(I96=0,0,J96/I96) -> 0.080229226 | N96: =IF(I96=0,0,L96/I96) -> 0.095988539
A97: Characters Auto Parallel | B97: =COUNTIFS(Data!$B$2:$B$5000,$A97,Data!$H$2:$H$5000,"Y") -> 30 | C97: =SUMIFS(Data!$L$2:$L$5000,Data!$B$2:$B$5000,$A97,Data!$H$2:$H$5000,"Y") -> 15 | D97: =SUMIFS(Data!$M$2:$M$5000,Data!$B$2:$B$5000,$A97,Data!$H$2:$H$5000,"Y") -> 0 | E97: =C97+D97 -> 15 | F97: =B97-E97 -> 15 | G97: =IF(B97=0,0,C97/B97) -> 0.5 | H97: =IF(B97=0,0,E97/B97) -> 0.5 | I97: =SUMIFS(Data!$J$2:$J$5000,Data!$B$2:$B$5000,$A97,Data!$H$2:$H$5000,"Y") -> 198 | J97: =SUMIFS(Data!$P$2:$P$5000,Data!$B$2:$B$5000,$A97) -> 96 | K97: =SUMIFS(Data!$Q$2:$Q$5000,Data!$B$2:$B$5000,$A97) -> 0 | L97: =J97+K97 -> 96 | M97: =IF(I97=0,0,J97/I97) -> 0.48484848 | N97: =IF(I97=0,0,L97/I97) -> 0.48484848
A98: Characters Auto Compound V Parallel | B98: =COUNTIFS(Data!$B$2:$B$5000,$A98,Data!$H$2:$H$5000,"Y") -> 29 | C98: =SUMIFS(Data!$L$2:$L$5000,Data!$B$2:$B$5000,$A98,Data!$H$2:$H$5000,"Y") -> 8 | D98: =SUMIFS(Data!$M$2:$M$5000,Data!$B$2:$B$5000,$A98,Data!$H$2:$H$5000,"Y") -> 0 | E98: =C98+D98 -> 8 | F98: =B98-E98 -> 21 | G98: =IF(B98=0,0,C98/B98) -> 0.27586207 | H98: =IF(B98=0,0,E98/B98) -> 0.27586207 | I98: =SUMIFS(Data!$J$2:$J$5000,Data!$B$2:$B$5000,$A98,Data!$H$2:$H$5000,"Y") -> 1253 | J98: =SUMIFS(Data!$P$2:$P$5000,Data!$B$2:$B$5000,$A98) -> 324 | K98: =SUMIFS(Data!$Q$2:$Q$5000,Data!$B$2:$B$5000,$A98) -> 0 | L98: =J98+K98 -> 324 | M98: =IF(I98=0,0,J98/I98) -> 0.25857941 | N98: =IF(I98=0,0,L98/I98) -> 0.25857941
A99: Autos - Singles TOTAL | B99: =SUM(B93:B98) -> 255 | C99: =SUM(C93:C98) -> 85 | D99: =SUM(D93:D98) -> 2 | E99: =C99+D99 -> 87 | F99: =B99-E99 -> 168 | G99: =IF(B99=0,0,C99/B99) -> 0.33333333 | H99: =IF(B99=0,0,E99/B99) -> 0.34117647 | I99: =SUM(I93:I98) -> 13561 | J99: =SUM(J93:J98) -> 2541 | K99: =SUM(K93:K98) -> 206 | L99: =J99+K99 -> 2747 | M99: =IF(I99=0,0,J99/I99) -> 0.18737556 | N99: =IF(I99=0,0,L99/I99) -> 0.20256618
A101: Autos - Multi
A102: Autographs Duals | B102: =COUNTIFS(Data!$B$2:$B$5000,$A102,Data!$H$2:$H$5000,"Y") -> 12 | C102: =SUMIFS(Data!$L$2:$L$5000,Data!$B$2:$B$5000,$A102,Data!$H$2:$H$5000,"Y") -> 2 | D102: =SUMIFS(Data!$M$2:$M$5000,Data!$B$2:$B$5000,$A102,Data!$H$2:$H$5000,"Y") -> 0 | E102: =C102+D102 -> 2 | F102: =B102-E102 -> 10 | G102: =IF(B102=0,0,C102/B102) -> 0.16666667 | H102: =IF(B102=0,0,E102/B102) -> 0.16666667 | I102: =SUMIFS(Data!$J$2:$J$5000,Data!$B$2:$B$5000,$A102,Data!$H$2:$H$5000,"Y") -> 1013 | J102: =SUMIFS(Data!$P$2:$P$5000,Data!$B$2:$B$5000,$A102) -> 166 | K102: =SUMIFS(Data!$Q$2:$Q$5000,Data!$B$2:$B$5000,$A102) -> 0 | L102: =J102+K102 -> 166 | M102: =IF(I102=0,0,J102/I102) -> 0.16386969 | N102: =IF(I102=0,0,L102/I102) -> 0.16386969
A103: Autographs Duals Red Parallel | B103: =COUNTIFS(Data!$B$2:$B$5000,$A103,Data!$H$2:$H$5000,"Y") -> 10 | C103: =SUMIFS(Data!$L$2:$L$5000,Data!$B$2:$B$5000,$A103,Data!$H$2:$H$5000,"Y") -> 0 | D103: =SUMIFS(Data!$M$2:$M$5000,Data!$B$2:$B$5000,$A103,Data!$H$2:$H$5000,"Y") -> 1 | E103: =C103+D103 -> 1 | F103: =B103-E103 -> 9 | G103: =IF(B103=0,0,C103/B103) -> 0 | H103: =IF(B103=0,0,E103/B103) -> 0.1 | I103: =SUMIFS(Data!$J$2:$J$5000,Data!$B$2:$B$5000,$A103,Data!$H$2:$H$5000,"Y") -> 2500 | J103: =SUMIFS(Data!$P$2:$P$5000,Data!$B$2:$B$5000,$A103) -> 0 | K103: =SUMIFS(Data!$Q$2:$Q$5000,Data!$B$2:$B$5000,$A103) -> 250 | L103: =J103+K103 -> 250 | M103: =IF(I103=0,0,J103/I103) -> 0 | N103: =IF(I103=0,0,L103/I103) -> 0.1
A104: Autographs Duals Inscribed Parallel | B104: =COUNTIFS(Data!$B$2:$B$5000,$A104,Data!$H$2:$H$5000,"Y") -> 10 | C104: =SUMIFS(Data!$L$2:$L$5000,Data!$B$2:$B$5000,$A104,Data!$H$2:$H$5000,"Y") -> 1 | D104: =SUMIFS(Data!$M$2:$M$5000,Data!$B$2:$B$5000,$A104,Data!$H$2:$H$5000,"Y") -> 0 | E104: =C104+D104 -> 1 | F104: =B104-E104 -> 9 | G104: =IF(B104=0,0,C104/B104) -> 0.1 | H104: =IF(B104=0,0,E104/B104) -> 0.1 | I104: =SUMIFS(Data!$J$2:$J$5000,Data!$B$2:$B$5000,$A104,Data!$H$2:$H$5000,"Y") -> 2370 | J104: =SUMIFS(Data!$P$2:$P$5000,Data!$B$2:$B$5000,$A104) -> 250 | K104: =SUMIFS(Data!$Q$2:$Q$5000,Data!$B$2:$B$5000,$A104) -> 0 | L104: =J104+K104 -> 250 | M104: =IF(I104=0,0,J104/I104) -> 0.10548523 | N104: =IF(I104=0,0,L104/I104) -> 0.10548523
A105: Autographs Triples | B105: =COUNTIFS(Data!$B$2:$B$5000,$A105,Data!$H$2:$H$5000,"Y") -> 2 | C105: =SUMIFS(Data!$L$2:$L$5000,Data!$B$2:$B$5000,$A105,Data!$H$2:$H$5000,"Y") -> 1 | D105: =SUMIFS(Data!$M$2:$M$5000,Data!$B$2:$B$5000,$A105,Data!$H$2:$H$5000,"Y") -> 0 | E105: =C105+D105 -> 1 | F105: =B105-E105 -> 1 | G105: =IF(B105=0,0,C105/B105) -> 0.5 | H105: =IF(B105=0,0,E105/B105) -> 0.5 | I105: =SUMIFS(Data!$J$2:$J$5000,Data!$B$2:$B$5000,$A105,Data!$H$2:$H$5000,"Y") -> 414 | J105: =SUMIFS(Data!$P$2:$P$5000,Data!$B$2:$B$5000,$A105) -> 207 | K105: =SUMIFS(Data!$Q$2:$Q$5000,Data!$B$2:$B$5000,$A105) -> 0 | L105: =J105+K105 -> 207 | M105: =IF(I105=0,0,J105/I105) -> 0.5 | N105: =IF(I105=0,0,L105/I105) -> 0.5
A106: Autographs Triples Red Parallel | B106: =COUNTIFS(Data!$B$2:$B$5000,$A106,Data!$H$2:$H$5000,"Y") -> 2 | C106: =SUMIFS(Data!$L$2:$L$5000,Data!$B$2:$B$5000,$A106,Data!$H$2:$H$5000,"Y") -> 0 | D106: =SUMIFS(Data!$M$2:$M$5000,Data!$B$2:$B$5000,$A106,Data!$H$2:$H$5000,"Y") -> 0 | E106: =C106+D106 -> 0 | F106: =B106-E106 -> 2 | G106: =IF(B106=0,0,C106/B106) -> 0 | H106: =IF(B106=0,0,E106/B106) -> 0 | I106: =SUMIFS(Data!$J$2:$J$5000,Data!$B$2:$B$5000,$A106,Data!$H$2:$H$5000,"Y") -> 500 | J106: =SUMIFS(Data!$P$2:$P$5000,Data!$B$2:$B$5000,$A106) -> 0 | K106: =SUMIFS(Data!$Q$2:$Q$5000,Data!$B$2:$B$5000,$A106) -> 0 | L106: =J106+K106 -> 0 | M106: =IF(I106=0,0,J106/I106) -> 0 | N106: =IF(I106=0,0,L106/I106) -> 0
A107: Autographs Triples Inscribed Parallel | B107: =COUNTIFS(Data!$B$2:$B$5000,$A107,Data!$H$2:$H$5000,"Y") -> 2 | C107: =SUMIFS(Data!$L$2:$L$5000,Data!$B$2:$B$5000,$A107,Data!$H$2:$H$5000,"Y") -> 0 | D107: =SUMIFS(Data!$M$2:$M$5000,Data!$B$2:$B$5000,$A107,Data!$H$2:$H$5000,"Y") -> 0 | E107: =C107+D107 -> 0 | F107: =B107-E107 -> 2 | G107: =IF(B107=0,0,C107/B107) -> 0 | H107: =IF(B107=0,0,E107/B107) -> 0 | I107: =SUMIFS(Data!$J$2:$J$5000,Data!$B$2:$B$5000,$A107,Data!$H$2:$H$5000,"Y") -> 500 | J107: =SUMIFS(Data!$P$2:$P$5000,Data!$B$2:$B$5000,$A107) -> 0 | K107: =SUMIFS(Data!$Q$2:$Q$5000,Data!$B$2:$B$5000,$A107) -> 0 | L107: =J107+K107 -> 0 | M107: =IF(I107=0,0,J107/I107) -> 0 | N107: =IF(I107=0,0,L107/I107) -> 0
A108: Autographs Quads | B108: =COUNTIFS(Data!$B$2:$B$5000,$A108,Data!$H$2:$H$5000,"Y") -> 1 | C108: =SUMIFS(Data!$L$2:$L$5000,Data!$B$2:$B$5000,$A108,Data!$H$2:$H$5000,"Y") -> 1 | D108: =SUMIFS(Data!$M$2:$M$5000,Data!$B$2:$B$5000,$A108,Data!$H$2:$H$5000,"Y") -> 0 | E108: =C108+D108 -> 1 | F108: =B108-E108 -> 0 | G108: =IF(B108=0,0,C108/B108) -> 1 | H108: =IF(B108=0,0,E108/B108) -> 1 | I108: =SUMIFS(Data!$J$2:$J$5000,Data!$B$2:$B$5000,$A108,Data!$H$2:$H$5000,"Y") -> 250 | J108: =SUMIFS(Data!$P$2:$P$5000,Data!$B$2:$B$5000,$A108) -> 250 | K108: =SUMIFS(Data!$Q$2:$Q$5000,Data!$B$2:$B$5000,$A108) -> 0 | L108: =J108+K108 -> 250 | M108: =IF(I108=0,0,J108/I108) -> 1 | N108: =IF(I108=0,0,L108/I108) -> 1
A109: Autographs Quads (Inscribed) | B109: =COUNTIFS(Data!$B$2:$B$5000,$A109,Data!$H$2:$H$5000,"Y") -> 1 | C109: =SUMIFS(Data!$L$2:$L$5000,Data!$B$2:$B$5000,$A109,Data!$H$2:$H$5000,"Y") -> 0 | D109: =SUMIFS(Data!$M$2:$M$5000,Data!$B$2:$B$5000,$A109,Data!$H$2:$H$5000,"Y") -> 0 | E109: =C109+D109 -> 0 | F109: =B109-E109 -> 1 | G109: =IF(B109=0,0,C109/B109) -> 0 | H109: =IF(B109=0,0,E109/B109) -> 0 | I109: =SUMIFS(Data!$J$2:$J$5000,Data!$B$2:$B$5000,$A109,Data!$H$2:$H$5000,"Y") -> 250 | J109: =SUMIFS(Data!$P$2:$P$5000,Data!$B$2:$B$5000,$A109) -> 0 | K109: =SUMIFS(Data!$Q$2:$Q$5000,Data!$B$2:$B$5000,$A109) -> 0 | L109: =J109+K109 -> 0 | M109: =IF(I109=0,0,J109/I109) -> 0 | N109: =IF(I109=0,0,L109/I109) -> 0
...

Sheet Pop Estimates (Non-#d)
A1: Group | B1: Set Name | C1: Card # | D1: Card Name | E1: Parallel/Variant | F1: Odds Used (1:X) | G1: Odds Source | H1: Set Size | I1: Est Total Packs | J1: Est Pop (Mid) | K1: Est Pop (Low) | L1: Est Pop (High) | M1: Notes | N1: CardKey | O1: EstPopMid
A2: Autos - Multi | B2: Autographs Quads (Inscribed) | C2: AQ-SEVN | D2: Antony Starr as Homelander/Dominique McElligott as Queen Maeve/Nathan Mitchell as Black Noir/Jessie T. Usher as A-Train "The Seven" | E2: Inscribed | F2: 30000 | G2: Official (shared pool) | H2: 2 | I2: ='Odds & Rarity'!$D$13 -> 1026000 | J2: =ROUND((ROUND((I2/30000)*1/3,0)+ROUND((I2/30000)*3/8,0))/2,0) -> 12 | K2: =ROUND((I2/30000)*1/3,0) -> 11 | L2: =ROUND((I2/30000)*3/8,0) -> 13 | M2: Estimated split using SSP range (5:3 to 2:1). Low/High reflect that split; Mid is avg. | N2: =IF($A2="","",$A2&"|"&$B2&"|"&$C2&"|"&$E2) -> Autos - Multi|Autographs Quads (Inscribed)|AQ-SEVN|Inscribed | O2: =IF($A2="","",$J2) -> 12
A3: Autos - Multi | B3: Autographs Quads | C3: AQ-BOYS | D3: Karl Urban as Billy Butcher/Jack Quaid as Hughie Campbell/Tomer Capone as Frenchie/Laz Alonso as Mother's Milk | E3: Base | F3: 30000 | G3: Official (shared pool) | H3: 2 | I3: ='Odds & Rarity'!$D$13 -> 1026000 | J3: =ROUND((ROUND((I3/30000)*5/8,0)+ROUND((I3/30000)*2/3,0))/2,0) -> 22 | K3: =ROUND((I3/30000)*5/8,0) -> 21 | L3: =ROUND((I3/30000)*2/3,0) -> 23 | M3: Estimated split using SSP range (5:3 to 2:1). Low/High reflect that split; Mid is avg. | N3: =IF($A3="","",$A3&"|"&$B3&"|"&$C3&"|"&$E3) -> Autos - Multi|Autographs Quads|AQ-BOYS|Base | O3: =IF($A3="","",$J3) -> 22
A4: Autos - Multi | B4: Autographs Triples | C4: AT-ESS | D4: Giancarlo Esposito as Stan Edgar/Elisabeth Shue as Madelyn Stillwell/Antony Starr as Homelander | E4: Base | F4: 18000 | G4: Official | H4: 2 | I4: ='Odds & Rarity'!$D$13 -> 1026000 | J4: =IF(OR(I4="",F4="",H4=""),"",ROUND(I4/(F4*H4),0)) -> 29 | K4: =J4 -> 29 | L4: =J4 -> 29 | N4: =IF($A4="","",$A4&"|"&$B4&"|"&$C4&"|"&$E4) -> Autos - Multi|Autographs Triples|AT-ESS|Base | O4: =IF($A4="","",$J4) -> 29
A5: Autos - Multi | B5: Autographs Triples | C5: AT-MMF | D5: Erin Moriarty as Starlight/Dominique McElligott as Queen Maeve/Karen Fukuhara as Kimiko | E5: Base | F5: 18000 | G5: Official | H5: 2 | I5: ='Odds & Rarity'!$D$13 -> 1026000 | J5: =IF(OR(I5="",F5="",H5=""),"",ROUND(I5/(F5*H5),0)) -> 29 | K5: =J5 -> 29 | L5: =J5 -> 29 | N5: =IF($A5="","",$A5&"|"&$B5&"|"&$C5&"|"&$E5) -> Autos - Multi|Autographs Triples|AT-MMF|Base | O5: =IF($A5="","",$J5) -> 29
A6: Autos - Multi | B6: Autographs Duals | C6: AD-ES | D6: Antony Starr as Homelander/Chace Crawford as The Deep | E6: Base | F6: 1800 | G6: Official | H6: 12 | I6: ='Odds & Rarity'!$D$13 -> 1026000 | J6: =IF(OR(I6="",F6="",H6=""),"",ROUND(I6/(F6*H6),0)) -> 48 | K6: =J6 -> 48 | L6: =J6 -> 48 | N6: =IF($A6="","",$A6&"|"&$B6&"|"&$C6&"|"&$E6) -> Autos - Multi|Autographs Duals|AD-ES|Base | O6: =IF($A6="","",$J6) -> 48
A7: Autos - Multi | B7: Autographs Duals | C7: AD-FC | D7: Tomer Capone as Frenchie/Karen Fukuhara as Kimiko | E7: Base | F7: 1800 | G7: Official | H7: 12 | I7: ='Odds & Rarity'!$D$13 -> 1026000 | J7: =IF(OR(I7="",F7="",H7=""),"",ROUND(I7/(F7*H7),0)) -> 48 | K7: =J7 -> 48 | L7: =J7 -> 48 | N7: =IF($A7="","",$A7&"|"&$B7&"|"&$C7&"|"&$E7) -> Autos - Multi|Autographs Duals|AD-FC|Base | O7: =IF($A7="","",$J7) -> 48
A8: Autos - Multi | B8: Autographs Duals | C8: AD-JB | D8: Jessie T. Usher as A-Train/Brittany Allen as Popclaw | E8: Base | F8: 1800 | G8: Official | H8: 12 | I8: ='Odds & Rarity'!$D$13 -> 1026000 | J8: =IF(OR(I8="",F8="",H8=""),"",ROUND(I8/(F8*H8),0)) -> 48 | K8: =J8 -> 48 | L8: =J8 -> 48 | N8: =IF($A8="","",$A8&"|"&$B8&"|"&$C8&"|"&$E8) -> Autos - Multi|Autographs Duals|AD-JB|Base | O8: =IF($A8="","",$J8) -> 48
A9: Autos - Multi | B9: Autographs Duals | C9: AD-MM | D9: Erin Moriarty as Starlight/Dominique McElligott as Queen Maeve | E9: Base | F9: 1800 | G9: Official | H9: 12 | I9: ='Odds & Rarity'!$D$13 -> 1026000 | J9: =IF(OR(I9="",F9="",H9=""),"",ROUND(I9/(F9*H9),0)) -> 48 | K9: =J9 -> 48 | L9: =J9 -> 48 | N9: =IF($A9="","",$A9&"|"&$B9&"|"&$C9&"|"&$E9) -> Autos - Multi|Autographs Duals|AD-MM|Base | O9: =IF($A9="","",$J9) -> 48
A10: Autos - Multi | B10: Autographs Duals | C10: AD-MQ | D10: Jack Quaid as Highie Campbell/Erin Moriarty as Starlight | E10: Base | F10: 1800 | G10: Official | H10: 12 | I10: ='Odds & Rarity'!$D$13 -> 1026000 | J10: =IF(OR(I10="",F10="",H10=""),"",ROUND(I10/(F10*H10),0)) -> 48 | K10: =J10 -> 48 | L10: =J10 -> 48 | N10: =IF($A10="","",$A10&"|"&$B10&"|"&$C10&"|"&$E10) -> Autos - Multi|Autographs Duals|AD-MQ|Base | O10: =IF($A10="","",$J10) -> 48
A11: Autos - Multi | B11: Autographs Duals | C11: AD-QH | D11: Jack Quaid as Hughie Campbell/Alex Hassell as Translucent | E11: Base | F11: 1800 | G11: Official | H11: 12 | I11: ='Odds & Rarity'!$D$13 -> 1026000 | J11: =IF(OR(I11="",F11="",H11=""),"",ROUND(I11/(F11*H11),0)) -> 48 | K11: =J11 -> 48 | L11: =J11 -> 48 | N11: =IF($A11="","",$A11&"|"&$B11&"|"&$C11&"|"&$E11) -> Autos - Multi|Autographs Duals|AD-QH|Base | O11: =IF($A11="","",$J11) -> 48
A12: Autos - Multi | B12: Autographs Duals | C12: AD-SM | D12: Antony Starr as Homelander/Dominique McElligott as Queen Maeve | E12: Base | F12: 1800 | G12: Official | H12: 12 | I12: ='Odds & Rarity'!$D$13 -> 1026000 | J12: =IF(OR(I12="",F12="",H12=""),"",ROUND(I12/(F12*H12),0)) -> 48 | K12: =J12 -> 48 | L12: =J12 -> 48 | N12: =IF($A12="","",$A12&"|"&$B12&"|"&$C12&"|"&$E12) -> Autos - Multi|Autographs Duals|AD-SM|Base | O12: =IF($A12="","",$J12) -> 48
A13: Autos - Multi | B13: Autographs Duals | C13: AD-SS | D13: Antony Starr as Homelander/Elisabeth Shue as Madelyn Stillwell | E13: Base | F13: 1800 | G13: Official | H13: 12 | I13: ='Odds & Rarity'!$D$13 -> 1026000 | J13: =IF(OR(I13="",F13="",H13=""),"",ROUND(I13/(F13*H13),0)) -> 48 | K13: =J13 -> 48 | L13: =J13 -> 48 | N13: =IF($A13="","",$A13&"|"&$B13&"|"&$C13&"|"&$E13) -> Autos - Multi|Autographs Duals|AD-SS|Base | O13: =IF($A13="","",$J13) -> 48
A14: Autos - Multi | B14: Autographs Duals | C14: AD-TA | D14: Laz Alonso as Mother's Milk/Tomer Capone as Frenchie | E14: Base | F14: 1800 | G14: Official | H14: 12 | I14: ='Odds & Rarity'!$D$13 -> 1026000 | J14: =IF(OR(I14="",F14="",H14=""),"",ROUND(I14/(F14*H14),0)) -> 48 | K14: =J14 -> 48 | L14: =J14 -> 48 | N14: =IF($A14="","",$A14&"|"&$B14&"|"&$C14&"|"&$E14) -> Autos - Multi|Autographs Duals|AD-TA|Base | O14: =IF($A14="","",$J14) -> 48
A15: Autos - Multi | B15: Autographs Duals | C15: AD-UQ | D15: Karl Urban as Billy Butcher/Jack Quaid as Hughie Campbell | E15: Base | F15: 1800 | G15: Official | H15: 12 | I15: ='Odds & Rarity'!$D$13 -> 1026000 | J15: =IF(OR(I15="",F15="",H15=""),"",ROUND(I15/(F15*H15),0)) -> 48 | K15: =J15 -> 48 | L15: =J15 -> 48 | N15: =IF($A15="","",$A15&"|"&$B15&"|"&$C15&"|"&$E15) -> Autos - Multi|Autographs Duals|AD-UQ|Base | O15: =IF($A15="","",$J15) -> 48
... A19: Supes Suits | B19: Quad Supes Suits | C19: QSS-2 | D19: Jessie T. Usher as A-Train/Antony Starr as Homelander/Alex Hassell as Translucent/Erin Moriarty as Starlight | E19: Base | F19: 7200 | G19: Official | H19: 2 | I19: ='Odds & Rarity'!$D$13 -> 1026000 | J19: =IF(OR(I19="",F19="",H19=""),"",ROUND(I19/(F19*H19),0)) -> 71 | K19: =J19 -> 71 | L19: =J19 -> 71 | N19: =IF($A19="","",$A19&"|"&$B19&"|"&$C19&"|"&$E19) -> Supes Suits|Quad Supes Suits|QSS-2|Base | O19: =IF($A19="","",$J19) -> 71
A20: Autos - Singles | B20: Autographs | C20: A-AH | D20: Alex Hassell as Translucent | E20: Base | F20: 120 | G20: Assumed | H20: 66 | I20: ='Odds & Rarity'!$D$13 -> 1026000 | J20: =IF(OR(I20="",F20="",H20=""),"",ROUND(I20/(F20*H20),0)) -> 130 | K20: =J20 -> 130 | L20: =J20 -> 130 | M20: Checklist notes odds vary by card; using 1:120 baseline for ballpark. | N20: =IF($A20="","",$A20&"|"&$B20&"|"&$C20&"|"&$E20) -> Autos - Singles|Autographs|A-AH|Base | O20: =IF($A20="","",$J20) -> 130
A21: Autos - Singles | B21: Autographs | C21: A-AL | D21: Brittany Allen as Popclaw "Popclaw" | E21: Base | F21: 120 | G21: Assumed | H21: 66 | I21: ='Odds & Rarity'!$D$13 -> 1026000 | J21: =IF(OR(I21="",F21="",H21=""),"",ROUND(I21/(F21*H21),0)) -> 130 | K21: =J21 -> 130 | L21: =J21 -> 130 | M21: Checklist notes odds vary by card; using 1:120 baseline for ballpark. | N21: =IF($A21="","",$A21&"|"&$B21&"|"&$C21&"|"&$E21) -> Autos - Singles|Autographs|A-AL|Base | O21: =IF($A21="","",$J21) -> 130
A22: Autos - Singles | B22: Autographs | C22: A-AS | D22: Antony Starr as Homelander | E22: Base | F22: 120 | G22: Assumed | H22: 66 | I22: ='Odds & Rarity'!$D$13 -> 1026000 | J22: =IF(OR(I22="",F22="",H22=""),"",ROUND(I22/(F22*H22),0)) -> 130 | K22: =J22 -> 130 | L22: =J22 -> 130 | M22: Checklist notes odds vary by card; using 1:120 baseline for ballpark. | N22: =IF($A22="","",$A22&"|"&$B22&"|"&$C22&"|"&$E22) -> Autos - Singles|Autographs|A-AS|Base | O22: =IF($A22="","",$J22) -> 130
A23: Autos - Singles | B23: Autographs | C23: A-BA | D23: Brittany Allen as Popclaw | E23: Base | F23: 120 | G23: Assumed | H23: 66 | I23: ='Odds & Rarity'!$D$13 -> 1026000 | J23: =IF(OR(I23="",F23="",H23=""),"",ROUND(I23/(F23*H23),0)) -> 130 | K23: =J23 -> 130 | L23: =J23 -> 130 | M23: Checklist notes odds vary by card; using 1:120 baseline for ballpark. | N23: =IF($A23="","",$A23&"|"&$B23&"|"&$C23&"|"&$E23) -> Autos - Singles|Autographs|A-BA|Base | O23: =IF($A23="","",$J23) -> 130
A24: Autos - Singles | B24: Autographs | C24: A-BI | D24: Brittany Allen as Popclaw | E24: Base | F24: 120 | G24: Assumed | H24: 66 | I24: ='Odds & Rarity'!$D$13 -> 1026000 | J24: =IF(OR(I24="",F24="",H24=""),"",ROUND(I24/(F24*H24),0)) -> 130 | K24: =J24 -> 130 | L24: =J24 -> 130 | M24: Checklist notes odds vary by card; using 1:120 baseline for ballpark. | N24: =IF($A24="","",$A24&"|"&$B24&"|"&$C24&"|"&$E24) -> Autos - Singles|Autographs|A-BI|Base | O24: =IF($A24="","",$J24) -> 130
A25: Autos - Singles | B25: Autographs | C25: A-BR | D25: Brittany Allen as Popclaw | E25: Base | F25: 120 | G25: Assumed | H25: 66 | I25: ='Odds & Rarity'!$D$13 -> 1026000 | J25: =IF(OR(I25="",F25="",H25=""),"",ROUND(I25/(F25*H25),0)) -> 130 | K25: =J25 -> 130 | L25: =J25 -> 130 | M25: Checklist notes odds vary by card; using 1:120 baseline for ballpark. | N25: =IF($A25="","",$A25&"|"&$B25&"|"&$C25&"|"&$E25) -> Autos - Singles|Autographs|A-BR|Base | O25: =IF($A25="","",$J25) -> 130
A26: Autos - Singles | B26: Autographs | C26: A-CA | D26: Cameron Crovetti as Ryan | E26: Base | F26: 120 | G26: Assumed | H26: 66 | I26: ='Odds & Rarity'!$D$13 -> 1026000 | J26: =IF(OR(I26="",F26="",H26=""),"",ROUND(I26/(F26*H26),0)) -> 130 | K26: =J26 -> 130 | L26: =J26 -> 130 | M26: Checklist notes odds vary by card; using 1:120 baseline for ballpark. | N26: =IF($A26="","",$A26&"|"&$B26&"|"&$C26&"|"&$E26) -> Autos - Singles|Autographs|A-CA|Base | O26: =IF($A26="","",$J26) -> 130
A27: Autos - Singles | B27: Autographs | C27: A-CC | D27: Chace Crawford as The Deep | E27: Base | F27: 120 | G27: Assumed | H27: 66 | I27: ='Odds & Rarity'!$D$13 -> 1026000 | J27: =IF(OR(I27="",F27="",H27=""),"",ROUND(I27/(F27*H27),0)) -> 130 | K27: =J27 -> 130 | L27: =J27 -> 130 | M27: Checklist notes odds vary by card; using 1:120 baseline for ballpark. | N27: =IF($A27="","",$A27&"|"&$B27&"|"&$C27&"|"&$E27) -> Autos - Singles|Autographs|A-CC|Base | O27: =IF($A27="","",$J27) -> 130
A28: Autos - Singles | B28: Autographs | C28: A-CH | D28: Chace Crawford as The Deep "The Deep" | E28: Inscribed | F28: 120 | G28: Assumed | H28: 66 | I28: ='Odds & Rarity'!$D$13 -> 1026000 | J28: =IF(OR(I28="",F28="",H28=""),"",ROUND(I28/(F28*H28),0)) -> 130 | K28: =J28 -> 130 | L28: =J28 -> 130 | M28: Checklist notes odds vary by card; using 1:120 baseline for ballpark. | N28: =IF($A28="","",$A28&"|"&$B28&"|"&$C28&"|"&$E28) -> Autos - Singles|Autographs|A-CH|Inscribed | O28: =IF($A28="","",$J28) -> 130
A29: Autos - Singles | B29: Autographs | C29: A-CL | D29: Colby Minifie as Ashley Barrett | E29: Base | F29: 120 | G29: Assumed | H29: 66 | I29: ='Odds & Rarity'!$D$13 -> 1026000 | J29: =IF(OR(I29="",F29="",H29=""),"",ROUND(I29/(F29*H29),0)) -> 130 | K29: =J29 -> 130 | L29: =J29 -> 130 | M29: Checklist notes odds vary by card; using 1:120 baseline for ballpark. | N29: =IF($A29="","",$A29&"|"&$B29&"|"&$C29&"|"&$E29) -> Autos - Singles|Autographs|A-CL|Base | O29: =IF($A29="","",$J29) -> 130
A30: Autos - Singles | B30: Autographs | C30: A-CM | D30: Colby Minifie as Ashley Barrett | E30: Base | F30: 120 | G30: Assumed | H30: 66 | I30: ='Odds & Rarity'!$D$13 -> 1026000 | J30: =IF(OR(I30="",F30="",H30=""),"",ROUND(I30/(F30*H30),0)) -> 130 | K30: =J30 -> 130 | L30: =J30 -> 130 | M30: Checklist notes odds vary by card; using 1:120 baseline for ballpark. | N30: =IF($A30="","",$A30&"|"&$B30&"|"&$C30&"|"&$E30) -> Autos - Singles|Autographs|A-CM|Base | O30: =IF($A30="","",$J30) -> 130
A31: Autos - Singles | B31: Autographs | C31: A-CO | D31: Colby Minifie as Ashley Barrett | E31: Base | F31: 120 | G31: Assumed | H31: 66 | I31: ='Odds & Rarity'!$D$13 -> 1026000 | J31: =IF(OR(I31="",F31="",H31=""),"",ROUND(I31/(F31*H31),0)) -> 130 | K31: =J31 -> 130 | L31: =J31 -> 130 | M31: Checklist notes odds vary by card; using 1:120 baseline for ballpark. | N31: =IF($A31="","",$A31&"|"&$B31&"|"&$C31&"|"&$E31) -> Autos - Singles|Autographs|A-CO|Base | O31: =IF($A31="","",$J31) -> 130
... A85: Autos - Singles | B85: Autographs | C85: A-ZZ | D85: Laz Alonso as Mother's Milk | E85: Base | F85: 120 | G85: Assumed | H85: 66 | I85: ='Odds & Rarity'!$D$13 -> 1026000 | J85: =IF(OR(I85="",F85="",H85=""),"",ROUND(I85/(F85*H85),0)) -> 130 | K85: =J85 -> 130 | L85: =J85 -> 130 | M85: Checklist notes odds vary by card; using 1:120 baseline for ballpark. | N85: =IF($A85="","",$A85&"|"&$B85&"|"&$C85&"|"&$E85) -> Autos - Singles|Autographs|A-ZZ|Base | O85: =IF($A85="","",$J85) -> 130
A86: A View From Home | B86: A View From Home SPs | C86: VHSP-1 | D86: A-Train Off the Track | E86: Base | F86: 720 | G86: Official | H86: 10 | I86: ='Odds & Rarity'!$D$13 -> 1026000 | J86: =IF(OR(I86="",F86="",H86=""),"",ROUND(I86/(F86*H86),0)) -> 143 | K86: =J86 -> 143 | L86: =J86 -> 143 | N86: =IF($A86="","",$A86&"|"&$B86&"|"&$C86&"|"&$E86) -> A View From Home|A View From Home SPs|VHSP-1|Base | O86: =IF($A86="","",$J86) -> 143
A87: A View From Home | B87: A View From Home SPs | C87: VHSP-10 | D87: Open the Door | E87: Base | F87: 720 | G87: Official | H87: 10 | I87: ='Odds & Rarity'!$D$13 -> 1026000 | J87: =IF(OR(I87="",F87="",H87=""),"",ROUND(I87/(F87*H87),0)) -> 143 | K87: =J87 -> 143 | L87: =J87 -> 143 | N87: =IF($A87="","",$A87&"|"&$B87&"|"&$C87&"|"&$E87) -> A View From Home|A View From Home SPs|VHSP-10|Base | O87: =IF($A87="","",$J87) -> 143
A88: A View From Home | B88: A View From Home SPs | C88: VHSP-2 | D88: A Farewell to Arms | E88: Base | F88: 720 | G88: Official | H88: 10 | I88: ='Odds & Rarity'!$D$13 -> 1026000 | J88: =IF(OR(I88="",F88="",H88=""),"",ROUND(I88/(F88*H88),0)) -> 143 | K88: =J88 -> 143 | L88: =J88 -> 143 | N88: =IF($A88="","",$A88&"|"&$B88&"|"&$C88&"|"&$E88) -> A View From Home|A View From Home SPs|VHSP-2|Base | O88: =IF($A88="","",$J88) -> 143
A89: A View From Home | B89: A View From Home SPs | C89: VHSP-3 | D89: Bright Future Ahead | E89: Base | F89: 720 | G89: Official | H89: 10 | I89: ='Odds & Rarity'!$D$13 -> 1026000 | J89: =IF(OR(I89="",F89="",H89=""),"",ROUND(I89/(F89*H89),0)) -> 143 | K89: =J89 -> 143 | L89: =J89 -> 143 | N89: =IF($A89="","",$A89&"|"&$B89&"|"&$C89&"|"&$E89) -> A View From Home|A View From Home SPs|VHSP-3|Base | O89: =IF($A89="","",$J89) -> 143
A90: A View From Home | B90: A View From Home SPs | C90: VHSP-4 | D90: Let Me Protect You | E90: Base | F90: 720 | G90: Official | H90: 10 | I90: ='Odds & Rarity'!$D$13 -> 1026000 | J90: =IF(OR(I90="",F90="",H90=""),"",ROUND(I90/(F90*H90),0)) -> 143 | K90: =J90 -> 143 | L90: =J90 -> 143 | N90: =IF($A90="","",$A90&"|"&$B90&"|"&$C90&"|"&$E90) -> A View From Home|A View From Home SPs|VHSP-4|Base | O90: =IF($A90="","",$J90) -> 143
A91: A View From Home | B91: A View From Home SPs | C91: VHSP-5 | D91: Up Close and Personal | E91: Base | F91: 720 | G91: Official | H91: 10 | I91: ='Odds & Rarity'!$D$13 -> 1026000 | J91: =IF(OR(I91="",F91="",H91=""),"",ROUND(I91/(F91*H91),0)) -> 143 | K91: =J91 -> 143 | L91: =J91 -> 143 | N91: =IF($A91="","",$A91&"|"&$B91&"|"&$C91&"|"&$E91) -> A View From Home|A View From Home SPs|VHSP-5|Base | O91: =IF($A91="","",$J91) -> 143
A92: A View From Home | B92: A View From Home SPs | C92: VHSP-6 | D92: No Longer The Seven | E92: Base | F92: 720 | G92: Official | H92: 10 | I92: ='Odds & Rarity'!$D$13 -> 1026000 | J92: =IF(OR(I92="",F92="",H92=""),"",ROUND(I92/(F92*H92),0)) -> 143 | K92: =J92 -> 143 | L92: =J92 -> 143 | N92: =IF($A92="","",$A92&"|"&$B92&"|"&$C92&"|"&$E92) -> A View From Home|A View From Home SPs|VHSP-6|Base | O92: =IF($A92="","",$J92) -> 143
A93: A View From Home | B93: A View From Home SPs | C93: VHSP-7 | D93: Poor Lucy | E93: Base | F93: 720 | G93: Official | H93: 10 | I93: ='Odds & Rarity'!$D$13 -> 1026000 | J93: =IF(OR(I93="",F93="",H93=""),"",ROUND(I93/(F93*H93),0)) -> 143 | K93: =J93 -> 143 | L93: =J93 -> 143 | N93: =IF($A93="","",$A93&"|"&$B93&"|"&$C93&"|"&$E93) -> A View From Home|A View From Home SPs|VHSP-7|Base | O93: =IF($A93="","",$J93) -> 143
A94: A View From Home | B94: A View From Home SPs | C94: VHSP-8 | D94: My Favorite Drink | E94: Base | F94: 720 | G94: Official | H94: 10 | I94: ='Odds & Rarity'!$D$13 -> 1026000 | J94: =IF(OR(I94="",F94="",H94=""),"",ROUND(I94/(F94*H94),0)) -> 143 | K94: =J94 -> 143 | L94: =J94 -> 143 | N94: =IF($A94="","",$A94&"|"&$B94&"|"&$C94&"|"&$E94) -> A View From Home|A View From Home SPs|VHSP-8|Base | O94: =IF($A94="","",$J94) -> 143
A95: A View From Home | B95: A View From Home SPs | C95: VHSP-9 | D95: I'm a Lot Like You | E95: Base | F95: 720 | G95: Official | H95: 10 | I95: ='Odds & Rarity'!$D$13 -> 1026000 | J95: =IF(OR(I95="",F95="",H95=""),"",ROUND(I95/(F95*H95),0)) -> 143 | K95: =J95 -> 143 | L95: =J95 -> 143 | N95: =IF($A95="","",$A95&"|"&$B95&"|"&$C95&"|"&$E95) -> A View From Home|A View From Home SPs|VHSP-9|Base | O95: =IF($A95="","",$J95) -> 143
A96: Lenticular & SP | B96: Supes SPs | C96: S3SP-1 | D96: Homelander | E96: Base | F96: 720 | G96: Official | H96: 10 | I96: ='Odds & Rarity'!$D$13 -> 1026000 | J96: =IF(OR(I96="",F96="",H96=""),"",ROUND(I96/(F96*H96),0)) -> 143 | K96: =J96 -> 143 | L96: =J96 -> 143 | N96: =IF($A96="","",$A96&"|"&$B96&"|"&$C96&"|"&$E96) -> Lenticular & SP|Supes SPs|S3SP-1|Base | O96: =IF($A96="","",$J96) -> 143
A97: Lenticular & SP | B97: Supes SPs | C97: S3SP-10 | D97: Black Noir | E97: Base | F97: 720 | G97: Official | H97: 10 | I97: ='Odds & Rarity'!$D$13 -> 1026000 | J97: =IF(OR(I97="",F97="",H97=""),"",ROUND(I97/(F97*H97),0)) -> 143 | K97: =J97 -> 143 | L97: =J97 -> 143 | N97: =IF($A97="","",$A97&"|"&$B97&"|"&$C97&"|"&$E97) -> Lenticular & SP|Supes SPs|S3SP-10|Base | O97: =IF($A97="","",$J97) -> 143
... A387: Inserts - Story | B387: Quotes | C387: Q-9 | D387: Donna January | E387: Base | F387: 5 | G387: Official | H387: 15 | I387: ='Odds & Rarity'!$D$13 -> 1026000 | J387: =IF(OR(I387="",F387="",H387=""),"",ROUND(I387/(F387*H387),0)) -> 13680 | K387: =J387 -> 13680 | L387: =J387 -> 13680 | N387: =IF($A387="","",$A387&"|"&$B387&"|"&$C387&"|"&$E387) -> Inserts - Story|Quotes|Q-9|Base | O387: =IF($A387="","",$J387) -> 13680
A388: Achievements | B388: The Seven Achievements | C388: S-1 | D388: Nathan Mitchell as Black Noir | E388: Achievement | G388: N/A | H388: 7 | I388: ='Odds & Rarity'!$D$13 -> 1026000 | J388: =IF(OR(I388="",F388="",H388=""),"",ROUND(I388/(F388*H388),0)) | K388: =J388 | L388: =J388 | M388: ePack achievement reward (no pack odds); pop depends on how many are earned/redeemed. | N388: =IF($A388="","",$A388&"|"&$B388&"|"&$C388&"|"&$E388) -> Achievements|The Seven Achievements|S-1|Achievement | O388: =IF($A388="","",$J388)
A389: Achievements | B389: The Seven Achievements | C389: S-2 | D389: Alex Hassell as Translucent | E389: Achievement | G389: N/A | H389: 7 | I389: ='Odds & Rarity'!$D$13 -> 1026000 | J389: =IF(OR(I389="",F389="",H389=""),"",ROUND(I389/(F389*H389),0)) | K389: =J389 | L389: =J389 | M389: ePack achievement reward (no pack odds); pop depends on how many are earned/redeemed. | N389: =IF($A389="","",$A389&"|"&$B389&"|"&$C389&"|"&$E389) -> Achievements|The Seven Achievements|S-2|Achievement | O389: =IF($A389="","",$J389)
A390: Achievements | B390: The Seven Achievements | C390: S-3 | D390: Chace Crawford as The Deep | E390: Achievement | G390: N/A | H390: 7 | I390: ='Odds & Rarity'!$D$13 -> 1026000 | J390: =IF(OR(I390="",F390="",H390=""),"",ROUND(I390/(F390*H390),0)) | K390: =J390 | L390: =J390 | M390: ePack achievement reward (no pack odds); pop depends on how many are earned/redeemed. | N390: =IF($A390="","",$A390&"|"&$B390&"|"&$C390&"|"&$E390) -> Achievements|The Seven Achievements|S-3|Achievement | O390: =IF($A390="","",$J390)
A391: Achievements | B391: The Seven Achievements | C391: S-4 | D391: Jessie T. Usher as A-Train | E391: Achievement | G391: N/A | H391: 7 | I391: ='Odds & Rarity'!$D$13 -> 1026000 | J391: =IF(OR(I391="",F391="",H391=""),"",ROUND(I391/(F391*H391),0)) | K391: =J391 | L391: =J391 | M391: ePack achievement reward (no pack odds); pop depends on how many are earned/redeemed. | N391: =IF($A391="","",$A391&"|"&$B391&"|"&$C391&"|"&$E391) -> Achievements|The Seven Achievements|S-4|Achievement | O391: =IF($A391="","",$J391)
A392: Achievements | B392: The Seven Achievements | C392: S-5 | D392: Dominique McElligott as Queen Maeve | E392: Achievement | G392: N/A | H392: 7 | I392: ='Odds & Rarity'!$D$13 -> 1026000 | J392: =IF(OR(I392="",F392="",H392=""),"",ROUND(I392/(F392*H392),0)) | K392: =J392 | L392: =J392 | M392: ePack achievement reward (no pack odds); pop depends on how many are earned/redeemed. | N392: =IF($A392="","",$A392&"|"&$B392&"|"&$C392&"|"&$E392) -> Achievements|The Seven Achievements|S-5|Achievement | O392: =IF($A392="","",$J392)
A393: Achievements | B393: The Seven Achievements | C393: S-6 | D393: Erin Moriarty as Starlight | E393: Achievement | G393: N/A | H393: 7 | I393: ='Odds & Rarity'!$D$13 -> 1026000 | J393: =IF(OR(I393="",F393="",H393=""),"",ROUND(I393/(F393*H393),0)) | K393: =J393 | L393: =J393 | M393: ePack achievement reward (no pack odds); pop depends on how many are earned/redeemed. | N393: =IF($A393="","",$A393&"|"&$B393&"|"&$C393&"|"&$E393) -> Achievements|The Seven Achievements|S-6|Achievement | O393: =IF($A393="","",$J393)
A394: Achievements | B394: The Seven Achievements | C394: S-7 | D394: Antony Starr as Homelander | E394: Achievement | G394: N/A | H394: 7 | I394: ='Odds & Rarity'!$D$13 -> 1026000 | J394: =IF(OR(I394="",F394="",H394=""),"",ROUND(I394/(F394*H394),0)) | K394: =J394 | L394: =J394 | M394: ePack achievement reward (no pack odds); pop depends on how many are earned/redeemed. | N394: =IF($A394="","",$A394&"|"&$B394&"|"&$C394&"|"&$E394) -> Achievements|The Seven Achievements|S-7|Achievement | O394: =IF($A394="","",$J394)

Sheet Odds & Rarity
A1: Odds & Rarity (Box/Case chances + expected cases)
A3: Inputs (editable)
A4: Packs per Box | B4: 15 | K4: =B12*82 -> 20500 | L4: =IF($K$7=0,"",K4/$K$7) -> 0.71929825
A5: Boxes per Case | B5: 12 | K5: =B12*25 -> 6250 | L5: =IF($K$7=0,"",K5/$K$7) -> 0.21929825
A6: Packs per Case | B6: =B4*B5 -> 180 | K6: =B12*7 -> 1750 | L6: =IF($K$7=0,"",K6/$K$7) -> 0.061403509
A7: Compound V per Box (avg) | B7: 2 | K7: =SUM(K4:K6) -> 28500
A8: Retro/#'d per Case (avg) | B8: 6
A9: Retro odds (packs) (Retro insert) | B9: 180
A10: Retro expected per Case | B10: =B6/B9 -> 1
A11: Estimated #d parallels per Case (excl. Retro) | B11: =MAX(0,B8-B10) -> 5
A12: Base set size (S1+S2+Characters) | B12: 250
A13: Estimated cases produced (derived from total serial-#'d base parallels ÷ est. #'d parallels per case) | B13: =IF($B$11=0,"",$K$7/$B$11) -> 5700 | C13: Estimated total packs produced (derived) | D13: =IF($B$13="","",$B$13*$B$6) -> 1026000
A14: Base Parallels
A15: Compound V is a box hit; other numbered base parallels are estimated from the case-average bucket of “Retro and/or #’d Parallels”.
A16: Parallel | B16: Print Run | C16: Expected hits / Box | D16: Expected hits / Case | E16: % ≥1 / Box | F16: % ≥1 / Case | G16: Exp cases / ANY hit | H16: Exp cases / SPECIFIC card
A17: Compound V | B17: 399 | C17: =B7 -> 2 | D17: =B7*$B$5 -> 24 | E17: =1 -> 1 | F17: =1 -> 1 | G17: =1/(B7*$B$5) -> 0.041666667 | H17: =$B$12/(B7*$B$5) -> 10.416667
A18: Floor 82 | B18: 82 | C18: =$B$11*$L$4/$B$5 -> 0.2997076 | D18: =$B$11*$L$4 -> 3.5964912 | E18: =1-EXP(-C18) -> 0.25896513 | F18: =1-EXP(-D18) -> 0.97258024 | G18: =IF(D18=0,"",1/D18) -> 0.27804878 | H18: =IF(D18=0,"",$B$12/D18) -> 69.512195
A19: Black | B19: 25 | C19: =$B$11*$L$5/$B$5 -> 0.091374269 | D19: =$B$11*$L$5 -> 1.0964912 | E19: =1-EXP(-C19) -> 0.087323939 | F19: =1-EXP(-D19) -> 0.6659589 | G19: =IF(D19=0,"",1/D19) -> 0.912 | H19: =IF(D19=0,"",$B$12/D19) -> 228
A20: The Seven | B20: 7 | C20: =$B$11*$L$6/$B$5 -> 0.025584795 | D20: =$B$11*$L$6 -> 0.30701754 | E20: =1-EXP(-C20) -> 0.025260278 | F20: =1-EXP(-D20) -> 0.26436231 | G20: =IF(D20=0,"",1/D20) -> 3.2571429 | H20: =IF(D20=0,"",$B$12/D20) -> 814.28571
A22: All Inserts & Hits (Official pack odds + Derived odds from print run; derived are NOT official)
A23: Set | B23: Cards in Set | C23: Pack Odds (1:X) | D23: Expected hits / Box | E23: Expected hits / Case | F23: % ≥1 / Box | G23: % ≥1 / Case | H23: Exp cases / ANY hit | I23: Exp cases / SPECIFIC card | J23: Odds Source | K23: Print Run (per card) | L23: Total Copies (set) | M23: Notes
A24: Retro Auto Gold Parallel | B24: =COUNTIF(Data!$B:$B,$A24) -> 14 | C24: =IF($L24=0,"",ROUND($D$13/$L24,0)) -> 73286 | D24: =IF($C24=0,"",$B$4/$C24) -> 0.00020467756 | E24: =IF($C24=0,"",$B$6/$C24) -> 0.0024561308 | F24: =IF($C24=0,"",1-POWER(1-1/$C24,$B$4)) -> 0.00020465802 | G24: =IF($C24=0,"",1-POWER(1-1/$C24,$B$6)) -> 0.0024531337 | H24: =IF($C24=0,"",$C24/$B$6) -> 407.14444 | I24: =IF($C24=0,"",($C24*$B24)/$B$6) -> 5700.0222 | J24: Derived (unofficial) | K24: 1 | L24: =SUMIF(Data!$B:$B,$A24,Data!$F:$F) -> 14
A25: Autographs Duals Gold Parallel (Inscribed) | B25: =COUNTIF(Data!$B:$B,$A25) -> 8 | C25: =IF($L25=0,"",ROUND($D$13/$L25,0)) -> 128250 | D25: =IF($C25=0,"",$B$4/$C25) -> 0.00011695906 | E25: =IF($C25=0,"",$B$6/$C25) -> 0.0014035088 | F25: =IF($C25=0,"",1-POWER(1-1/$C25,$B$4)) -> 0.00011695268 | G25: =IF($C25=0,"",1-POWER(1-1/$C25,$B$6)) -> 0.0014025298 | H25: =IF($C25=0,"",$C25/$B$6) -> 712.5 | I25: =IF($C25=0,"",($C25*$B25)/$B$6) -> 5700 | J25: Derived (unofficial) | K25: 1 | L25: =SUMIF(Data!$B:$B,$A25,Data!$F:$F) -> 8
A26: Autographs Duals Gold Parallel | B26: =COUNTIF(Data!$B:$B,$A26) -> 2 | C26: =IF($L26=0,"",ROUND($D$13/$L26,0)) -> 513000 | D26: =IF($C26=0,"",$B$4/$C26) -> 2.9239766e-05 | E26: =IF($C26=0,"",$B$6/$C26) -> 0.00035087719 | F26: =IF($C26=0,"",1-POWER(1-1/$C26,$B$4)) -> 2.9239367e-05 | G26: =IF($C26=0,"",1-POWER(1-1/$C26,$B$6)) -> 0.00035081598 | H26: =IF($C26=0,"",$C26/$B$6) -> 2850 | I26: =IF($C26=0,"",($C26*$B26)/$B$6) -> 5700 | J26: Derived (unofficial) | K26: 1 | L26: =SUMIF(Data!$B:$B,$A26,Data!$F:$F) -> 2
A27: Autographs Triples Gold Parallel (Inscribed) | B27: =COUNTIF(Data!$B:$B,$A27) -> 2 | C27: =IF($L27=0,"",ROUND($D$13/$L27,0)) -> 513000 | D27: =IF($C27=0,"",$B$4/$C27) -> 2.9239766e-05 | E27: =IF($C27=0,"",$B$6/$C27) -> 0.00035087719 | F27: =IF($C27=0,"",1-POWER(1-1/$C27,$B$4)) -> 2.9239367e-05 | G27: =IF($C27=0,"",1-POWER(1-1/$C27,$B$6)) -> 0.00035081598 | H27: =IF($C27=0,"",$C27/$B$6) -> 2850 | I27: =IF($C27=0,"",($C27*$B27)/$B$6) -> 5700 | J27: Derived (unofficial) | K27: 1 | L27: =SUMIF(Data!$B:$B,$A27,Data!$F:$F) -> 2
A28: Autographs Quads Gold Parallel (Inscribed) | B28: =COUNTIF(Data!$B:$B,$A28) -> 1 | C28: =IF($L28=0,"",ROUND($D$13/$L28,0)) -> 1026000 | D28: =IF($C28=0,"",$B$4/$C28) -> 1.4619883e-05 | E28: =IF($C28=0,"",$B$6/$C28) -> 0.0001754386 | F28: =IF($C28=0,"",1-POWER(1-1/$C28,$B$4)) -> 1.4619783e-05 | G28: =IF($C28=0,"",1-POWER(1-1/$C28,$B$6)) -> 0.00017542329 | H28: =IF($C28=0,"",$C28/$B$6) -> 5700 | I28: =IF($C28=0,"",($C28*$B28)/$B$6) -> 5700 | J28: Derived (unofficial) | K28: 1 | L28: =SUMIF(Data!$B:$B,$A28,Data!$F:$F) -> 1
A29: Autographs Gold Parallel | B29: =COUNTIF(Data!$B:$B,$A29) -> 64 | C29: =IF($L29=0,"",ROUND($D$13/$L29,0)) -> 16031 | D29: =IF($C29=0,"",$B$4/$C29) -> 0.00093568711 | E29: =IF($C29=0,"",$B$6/$C29) -> 0.011228245 | F29: =IF($C29=0,"",1-POWER(1-1/$C29,$B$4)) -> 0.00093527865 | G29: =IF($C29=0,"",1-POWER(1-1/$C29,$B$6)) -> 0.01116579 | H29: =IF($C29=0,"",$C29/$B$6) -> 89.061111 | I29: =IF($C29=0,"",($C29*$B29)/$B$6) -> 5699.9111 | J29: Derived (unofficial) | K29: 1 | L29: =SUMIF(Data!$B:$B,$A29,Data!$F:$F) -> 64
A30: Autographs Quads Red Parallel (Inscribed) | B30: =COUNTIF(Data!$B:$B,$A30) -> 1 | C30: =IF($L30=0,"",ROUND($D$13/$L30,0)) -> 342000 | D30: =IF($C30=0,"",$B$4/$C30) -> 4.3859649e-05 | E30: =IF($C30=0,"",$B$6/$C30) -> 0.00052631579 | F30: =IF($C30=0,"",1-POWER(1-1/$C30,$B$4)) -> 4.3858751e-05 | G30: =IF($C30=0,"",1-POWER(1-1/$C30,$B$6)) -> 0.00052617808 | H30: =IF($C30=0,"",$C30/$B$6) -> 1900 | I30: =IF($C30=0,"",($C30*$B30)/$B$6) -> 1900 | J30: Derived (unofficial) | K30: 3 | L30: =SUMIF(Data!$B:$B,$A30,Data!$F:$F) -> 3
A31: Autographs Printing Plates Parallel (Inscribed) | B31: =COUNTIF(Data!$B:$B,$A31) -> 7 | C31: =IF($L31=0,"",ROUND($D$13/$L31,0)) -> 36643 | D31: =IF($C31=0,"",$B$4/$C31) -> 0.00040935513 | E31: =IF($C31=0,"",$B$6/$C31) -> 0.0049122616 | F31: =IF($C31=0,"",1-POWER(1-1/$C31,$B$4)) -> 0.00040927694 | G31: =IF($C31=0,"",1-POWER(1-1/$C31,$B$6)) -> 0.0049002828 | H31: =IF($C31=0,"",$C31/$B$6) -> 203.57222 | I31: =IF($C31=0,"",($C31*$B31)/$B$6) -> 1425.0056 | J31: Derived (unofficial) | K31: 4 | L31: =SUMIF(Data!$B:$B,$A31,Data!$F:$F) -> 28 | M31: Printing Plates
A32: Printing Plates Parallel - Season 1 | B32: =COUNTIF(Data!$B:$B,$A32) -> 100 | C32: =IF($L32=0,"",ROUND($D$13/$L32,0)) -> 2565 | D32: =IF($C32=0,"",$B$4/$C32) -> 0.0058479532 | E32: =IF($C32=0,"",$B$6/$C32) -> 0.070175439 | F32: =IF($C32=0,"",1-POWER(1-1/$C32,$B$4)) -> 0.0058320208 | G32: =IF($C32=0,"",1-POWER(1-1/$C32,$B$6)) -> 0.067782499 | H32: =IF($C32=0,"",$C32/$B$6) -> 14.25 | I32: =IF($C32=0,"",($C32*$B32)/$B$6) -> 1425 | J32: Derived (unofficial) | K32: 4 | L32: =SUMIF(Data!$B:$B,$A32,Data!$F:$F) -> 400 | M32: Printing Plates
A33: Printing Plates Parallel - Season 2 | B33: =COUNTIF(Data!$B:$B,$A33) -> 100 | C33: =IF($L33=0,"",ROUND($D$13/$L33,0)) -> 2565 | D33: =IF($C33=0,"",$B$4/$C33) -> 0.0058479532 | E33: =IF($C33=0,"",$B$6/$C33) -> 0.070175439 | F33: =IF($C33=0,"",1-POWER(1-1/$C33,$B$4)) -> 0.0058320208 | G33: =IF($C33=0,"",1-POWER(1-1/$C33,$B$6)) -> 0.067782499 | H33: =IF($C33=0,"",$C33/$B$6) -> 14.25 | I33: =IF($C33=0,"",($C33*$B33)/$B$6) -> 1425 | J33: Derived (unofficial) | K33: 4 | L33: =SUMIF(Data!$B:$B,$A33,Data!$F:$F) -> 400 | M33: Printing Plates
A34: Autographs Printing Plates Parallel | B34: =COUNTIF(Data!$B:$B,$A34) -> 57 | C34: =IF($L34=0,"",ROUND($D$13/$L34,0)) -> 4500 | D34: =IF($C34=0,"",$B$4/$C34) -> 0.0033333333 | E34: =IF($C34=0,"",$B$6/$C34) -> 0.04 | F34: =IF($C34=0,"",1-POWER(1-1/$C34,$B$4)) -> 0.0033281531 | G34: =IF($C34=0,"",1-POWER(1-1/$C34,$B$6)) -> 0.039214832 | H34: =IF($C34=0,"",$C34/$B$6) -> 25 | I34: =IF($C34=0,"",($C34*$B34)/$B$6) -> 1425 | J34: Derived (unofficial) | K34: 4 | L34: =SUMIF(Data!$B:$B,$A34,Data!$F:$F) -> 228 | M34: Printing Plates
A35: Characters Printing Plates Parallel | B35: =COUNTIF(Data!$B:$B,$A35) -> 50 | C35: =IF($L35=0,"",ROUND($D$13/$L35,0)) -> 5130 | D35: =IF($C35=0,"",$B$4/$C35) -> 0.0029239766 | E35: =IF($C35=0,"",$B$6/$C35) -> 0.035087719 | F35: =IF($C35=0,"",1-POWER(1-1/$C35,$B$4)) -> 0.0029199901 | G35: =IF($C35=0,"",1-POWER(1-1/$C35,$B$6)) -> 0.034482585 | H35: =IF($C35=0,"",$C35/$B$6) -> 28.5 | I35: =IF($C35=0,"",($C35*$B35)/$B$6) -> 1425 | J35: Derived (unofficial) | K35: 4 | L35: =SUMIF(Data!$B:$B,$A35,Data!$F:$F) -> 200 | M35: Printing Plates
A36: In Memory Of... Printing Plates Parallel | B36: =COUNTIF(Data!$B:$B,$A36) -> 15 | C36: =IF($L36=0,"",ROUND($D$13/$L36,0)) -> 17100 | D36: =IF($C36=0,"",$B$4/$C36) -> 0.00087719298 | E36: =IF($C36=0,"",$B$6/$C36) -> 0.010526316 | F36: =IF($C36=0,"",1-POWER(1-1/$C36,$B$4)) -> 0.00087683399 | G36: =IF($C36=0,"",1-POWER(1-1/$C36,$B$6)) -> 0.010471413 | H36: =IF($C36=0,"",$C36/$B$6) -> 95 | I36: =IF($C36=0,"",($C36*$B36)/$B$6) -> 1425 | J36: Derived (unofficial) | K36: 4 | L36: =SUMIF(Data!$B:$B,$A36,Data!$F:$F) -> 60 | M36: Printing Plates
A37: Autographs Duals Printing Plates Parallel | B37: =COUNTIF(Data!$B:$B,$A37) -> 10 | C37: =IF($L37=0,"",ROUND($D$13/$L37,0)) -> 25650 | D37: =IF($C37=0,"",$B$4/$C37) -> 0.00058479532 | E37: =IF($C37=0,"",$B$6/$C37) -> 0.0070175439 | F37: =IF($C37=0,"",1-POWER(1-1/$C37,$B$4)) -> 0.00058463576 | G37: =IF($C37=0,"",1-POWER(1-1/$C37,$B$6)) -> 0.0069931142 | H37: =IF($C37=0,"",$C37/$B$6) -> 142.5 | I37: =IF($C37=0,"",($C37*$B37)/$B$6) -> 1425 | J37: Derived (unofficial) | K37: 4 | L37: =SUMIF(Data!$B:$B,$A37,Data!$F:$F) -> 40 | M37: Printing Plates
A38: Autographs Triples Printing Plates Parallel | B38: =COUNTIF(Data!$B:$B,$A38) -> 2 | C38: =IF($L38=0,"",ROUND($D$13/$L38,0)) -> 128250 | D38: =IF($C38=0,"",$B$4/$C38) -> 0.00011695906 | E38: =IF($C38=0,"",$B$6/$C38) -> 0.0014035088 | F38: =IF($C38=0,"",1-POWER(1-1/$C38,$B$4)) -> 0.00011695268 | G38: =IF($C38=0,"",1-POWER(1-1/$C38,$B$6)) -> 0.0014025298 | H38: =IF($C38=0,"",$C38/$B$6) -> 712.5 | I38: =IF($C38=0,"",($C38*$B38)/$B$6) -> 1425 | J38: Derived (unofficial) | K38: 4 | L38: =SUMIF(Data!$B:$B,$A38,Data!$F:$F) -> 8 | M38: Printing Plates
A39: Autographs Quads Printing Plates Parallel | B39: =COUNTIF(Data!$B:$B,$A39) -> 1 | C39: =IF($L39=0,"",ROUND($D$13/$L39,0)) -> 256500 | D39: =IF($C39=0,"",$B$4/$C39) -> 5.8479532e-05 | E39: =IF($C39=0,"",$B$6/$C39) -> 0.00070175439 | F39: =IF($C39=0,"",1-POWER(1-1/$C39,$B$4)) -> 5.8477936e-05 | G39: =IF($C39=0,"",1-POWER(1-1/$C39,$B$6)) -> 0.00070150958 | H39: =IF($C39=0,"",$C39/$B$6) -> 1425 | I39: =IF($C39=0,"",($C39*$B39)/$B$6) -> 1425 | J39: Derived (unofficial) | K39: 4 | L39: =SUMIF(Data!$B:$B,$A39,Data!$F:$F) -> 4 | M39: Printing Plates
A40: Autographs Triples Red Parallel | B40: =COUNTIF(Data!$B:$B,$A40) -> 2 | C40: =IF($L40=0,"",ROUND($D$13/$L40,0)) -> 102600 | D40: =IF($C40=0,"",$B$4/$C40) -> 0.00014619883 | E40: =IF($C40=0,"",$B$6/$C40) -> 0.001754386 | F40: =IF($C40=0,"",1-POWER(1-1/$C40,$B$4)) -> 0.00014618886 | G40: =IF($C40=0,"",1-POWER(1-1/$C40,$B$6)) -> 0.0017528565 | H40: =IF($C40=0,"",$C40/$B$6) -> 570 | I40: =IF($C40=0,"",($C40*$B40)/$B$6) -> 1140 | J40: Derived (unofficial) | K40: 5 | L40: =SUMIF(Data!$B:$B,$A40,Data!$F:$F) -> 10
A41: The Seven Parallel - Season 1 | B41: =COUNTIF(Data!$B:$B,$A41) -> 100 | C41: =IF($L41=0,"",ROUND($D$13/$L41,0)) -> 1466 | D41: =IF($C41=0,"",$B$4/$C41) -> 0.010231924 | E41: =IF($C41=0,"",$B$6/$C41) -> 0.12278308 | F41: =IF($C41=0,"",1-POWER(1-1/$C41,$B$4)) -> 0.010183211 | G41: =IF($C41=0,"",1-POWER(1-1/$C41,$B$6)) -> 0.11558156 | H41: =IF($C41=0,"",$C41/$B$6) -> 8.1444444 | I41: =IF($C41=0,"",($C41*$B41)/$B$6) -> 814.44444 | J41: Derived (unofficial) | K41: 7 | L41: =SUMIF(Data!$B:$B,$A41,Data!$F:$F) -> 700
A42: The Seven Parallel - Season 2 | B42: =COUNTIF(Data!$B:$B,$A42) -> 100 | C42: =IF($L42=0,"",ROUND($D$13/$L42,0)) -> 1466 | D42: =IF($C42=0,"",$B$4/$C42) -> 0.010231924 | E42: =IF($C42=0,"",$B$6/$C42) -> 0.12278308 | F42: =IF($C42=0,"",1-POWER(1-1/$C42,$B$4)) -> 0.010183211 | G42: =IF($C42=0,"",1-POWER(1-1/$C42,$B$6)) -> 0.11558156 | H42: =IF($C42=0,"",$C42/$B$6) -> 8.1444444 | I42: =IF($C42=0,"",($C42*$B42)/$B$6) -> 814.44444 | J42: Derived (unofficial) | K42: 7 | L42: =SUMIF(Data!$B:$B,$A42,Data!$F:$F) -> 700
A43: Behind The Boys Gold Parallel | B43: =COUNTIF(Data!$B:$B,$A43) -> 15 | C43: =IF($L43=0,"",ROUND($D$13/$L43,0)) -> 9771 | D43: =IF($C43=0,"",$B$4/$C43) -> 0.0015351551 | E43: =IF($C43=0,"",$B$6/$C43) -> 0.018421861 | F43: =IF($C43=0,"",1-POWER(1-1/$C43,$B$4)) -> 0.0015340557 | G43: =IF($C43=0,"",1-POWER(1-1/$C43,$B$6)) -> 0.018254141 | H43: =IF($C43=0,"",$C43/$B$6) -> 54.283333 | I43: =IF($C43=0,"",($C43*$B43)/$B$6) -> 814.25 | J43: Derived (unofficial) | K43: 7 | L43: =SUMIF(Data!$B:$B,$A43,Data!$F:$F) -> 105
A44: In Memory Of... Gold Parallel | B44: =COUNTIF(Data!$B:$B,$A44) -> 15 | C44: =IF($L44=0,"",ROUND($D$13/$L44,0)) -> 9771 | D44: =IF($C44=0,"",$B$4/$C44) -> 0.0015351551 | E44: =IF($C44=0,"",$B$6/$C44) -> 0.018421861 | F44: =IF($C44=0,"",1-POWER(1-1/$C44,$B$4)) -> 0.0015340557 | G44: =IF($C44=0,"",1-POWER(1-1/$C44,$B$6)) -> 0.018254141 | H44: =IF($C44=0,"",$C44/$B$6) -> 54.283333 | I44: =IF($C44=0,"",($C44*$B44)/$B$6) -> 814.25 | J44: Derived (unofficial) | K44: 7 | L44: =SUMIF(Data!$B:$B,$A44,Data!$F:$F) -> 105
A45: Quotes Gold Parallel | B45: =COUNTIF(Data!$B:$B,$A45) -> 15 | C45: =IF($L45=0,"",ROUND($D$13/$L45,0)) -> 9771 | D45: =IF($C45=0,"",$B$4/$C45) -> 0.0015351551 | E45: =IF($C45=0,"",$B$6/$C45) -> 0.018421861 | F45: =IF($C45=0,"",1-POWER(1-1/$C45,$B$4)) -> 0.0015340557 | G45: =IF($C45=0,"",1-POWER(1-1/$C45,$B$6)) -> 0.018254141 | H45: =IF($C45=0,"",$C45/$B$6) -> 54.283333 | I45: =IF($C45=0,"",($C45*$B45)/$B$6) -> 814.25 | J45: Derived (unofficial) | K45: 7 | L45: =SUMIF(Data!$B:$B,$A45,Data!$F:$F) -> 105
A46: Characters The Seven Parallel | B46: =COUNTIF(Data!$B:$B,$A46) -> 50 | C46: =IF($L46=0,"",ROUND($D$13/$L46,0)) -> 2931 | D46: =IF($C46=0,"",$B$4/$C46) -> 0.0051177073 | E46: =IF($C46=0,"",$B$6/$C46) -> 0.061412487 | F46: =IF($C46=0,"",1-POWER(1-1/$C46,$B$4)) -> 0.0051055029 | G46: =IF($C46=0,"",1-POWER(1-1/$C46,$B$6)) -> 0.059574612 | H46: =IF($C46=0,"",$C46/$B$6) -> 16.283333 | I46: =IF($C46=0,"",($C46*$B46)/$B$6) -> 814.16667 | J46: Derived (unofficial) | K46: 7 | L46: =SUMIF(Data!$B:$B,$A46,Data!$F:$F) -> 350
A47: Autographs Duals Red Parallel | B47: =COUNTIF(Data!$B:$B,$A47) -> 10 | C47: =IF($L47=0,"",ROUND($D$13/$L47,0)) -> 10260 | D47: =IF($C47=0,"",$B$4/$C47) -> 0.0014619883 | E47: =IF($C47=0,"",$B$6/$C47) -> 0.01754386 | F47: =IF($C47=0,"",1-POWER(1-1/$C47,$B$4)) -> 0.0014609913 | G47: =IF($C47=0,"",1-POWER(1-1/$C47,$B$6)) -> 0.017391702 | H47: =IF($C47=0,"",$C47/$B$6) -> 57 | I47: =IF($C47=0,"",($C47*$B47)/$B$6) -> 570 | J47: Derived (unofficial) | K47: 10 | L47: =SUMIF(Data!$B:$B,$A47,Data!$F:$F) -> 100
A48: Autographs Duals Inscribed Parallel | B48: =COUNTIF(Data!$B:$B,$A48) -> 10 | C48: =IF($L48=0,"",ROUND($D$13/$L48,0)) -> 7076 | D48: =IF($C48=0,"",$B$4/$C48) -> 0.0021198417 | E48: =IF($C48=0,"",$B$6/$C48) -> 0.025438101 | F48: =IF($C48=0,"",1-POWER(1-1/$C48,$B$4)) -> 0.0021177459 | G48: =IF($C48=0,"",1-POWER(1-1/$C48,$B$6)) -> 0.025119031 | H48: =IF($C48=0,"",$C48/$B$6) -> 39.311111 | I48: =IF($C48=0,"",($C48*$B48)/$B$6) -> 393.11111 | J48: Derived (unofficial) | K48: 10-25 | L48: =SUMIF(Data!$B:$B,$A48,Data!$F:$F) -> 145
A49: Characters Black Parallel | B49: =COUNTIF(Data!$B:$B,$A49) -> 50 | C49: =IF($L49=0,"",ROUND($D$13/$L49,0)) -> 821 | D49: =IF($C49=0,"",$B$4/$C49) -> 0.018270402 | E49: =IF($C49=0,"",$B$6/$C49) -> 0.21924482 | F49: =IF($C49=0,"",1-POWER(1-1/$C49,$B$4)) -> 0.018115444 | G49: =IF($C49=0,"",1-POWER(1-1/$C49,$B$6)) -> 0.19698225 | H49: =IF($C49=0,"",$C49/$B$6) -> 4.5611111 | I49: =IF($C49=0,"",($C49*$B49)/$B$6) -> 228.05556 | J49: Derived (unofficial) | K49: 25 | L49: =SUMIF(Data!$B:$B,$A49,Data!$F:$F) -> 1250
A50: Supes Suits Gold | B50: =COUNTIF(Data!$B:$B,$A50) -> 4 | C50: =IF($L50=0,"",ROUND($D$13/$L50,0)) -> 10260 | D50: =IF($C50=0,"",$B$4/$C50) -> 0.0014619883 | E50: =IF($C50=0,"",$B$6/$C50) -> 0.01754386 | F50: =IF($C50=0,"",1-POWER(1-1/$C50,$B$4)) -> 0.0014609913 | G50: =IF($C50=0,"",1-POWER(1-1/$C50,$B$6)) -> 0.017391702 | H50: =IF($C50=0,"",$C50/$B$6) -> 57 | I50: =IF($C50=0,"",($C50*$B50)/$B$6) -> 228 | J50: Derived (unofficial) | K50: 25 | L50: =SUMIF(Data!$B:$B,$A50,Data!$F:$F) -> 100
A51: Dual Supes Suits Gold | B51: =COUNTIF(Data!$B:$B,$A51) -> 3 | C51: =IF($L51=0,"",ROUND($D$13/$L51,0)) -> 13680 | D51: =IF($C51=0,"",$B$4/$C51) -> 0.0010964912 | E51: =IF($C51=0,"",$B$6/$C51) -> 0.013157895 | F51: =IF($C51=0,"",1-POWER(1-1/$C51,$B$4)) -> 0.0010959303 | G51: =IF($C51=0,"",1-POWER(1-1/$C51,$B$6)) -> 0.013072183 | H51: =IF($C51=0,"",$C51/$B$6) -> 76 | I51: =IF($C51=0,"",($C51*$B51)/$B$6) -> 228 | J51: Derived (unofficial) | K51: 25 | L51: =SUMIF(Data!$B:$B,$A51,Data!$F:$F) -> 75
A52: Autographs Triples Inscribed Parallel | B52: =COUNTIF(Data!$B:$B,$A52) -> 2 | C52: =IF($L52=0,"",ROUND($D$13/$L52,0)) -> 20520 | D52: =IF($C52=0,"",$B$4/$C52) -> 0.00073099415 | E52: =IF($C52=0,"",$B$6/$C52) -> 0.0087719298 | F52: =IF($C52=0,"",1-POWER(1-1/$C52,$B$4)) -> 0.00073074484 | G52: =IF($C52=0,"",1-POWER(1-1/$C52,$B$6)) -> 0.0087337806 | H52: =IF($C52=0,"",$C52/$B$6) -> 114 | I52: =IF($C52=0,"",($C52*$B52)/$B$6) -> 228 | J52: Derived (unofficial) | K52: 25 | L52: =SUMIF(Data!$B:$B,$A52,Data!$F:$F) -> 50
A53: Quad Supes Suits Gold | B53: =COUNTIF(Data!$B:$B,$A53) -> 1 | C53: =IF($L53=0,"",ROUND($D$13/$L53,0)) -> 41040 | D53: =IF($C53=0,"",$B$4/$C53) -> 0.00036549708 | E53: =IF($C53=0,"",$B$6/$C53) -> 0.0043859649 | F53: =IF($C53=0,"",1-POWER(1-1/$C53,$B$4)) -> 0.00036543474 | G53: =IF($C53=0,"",1-POWER(1-1/$C53,$B$6)) -> 0.0043764138 | H53: =IF($C53=0,"",$C53/$B$6) -> 228 | I53: =IF($C53=0,"",($C53*$B53)/$B$6) -> 228 | J53: Derived (unofficial) | K53: 25 | L53: =SUMIF(Data!$B:$B,$A53,Data!$F:$F) -> 25
A54: Triple Supes Suits Gold | B54: =COUNTIF(Data!$B:$B,$A54) -> 1 | C54: =IF($L54=0,"",ROUND($D$13/$L54,0)) -> 41040 | D54: =IF($C54=0,"",$B$4/$C54) -> 0.00036549708 | E54: =IF($C54=0,"",$B$6/$C54) -> 0.0043859649 | F54: =IF($C54=0,"",1-POWER(1-1/$C54,$B$4)) -> 0.00036543474 | G54: =IF($C54=0,"",1-POWER(1-1/$C54,$B$6)) -> 0.0043764138 | H54: =IF($C54=0,"",$C54/$B$6) -> 228 | I54: =IF($C54=0,"",($C54*$B54)/$B$6) -> 228 | J54: Derived (unofficial) | K54: 25 | L54: =SUMIF(Data!$B:$B,$A54,Data!$F:$F) -> 25
A55: Autographs Inscribed Parallel | B55: =COUNTIF(Data!$B:$B,$A55) -> 66 | C55: =IF($L55=0,"",ROUND($D$13/$L55,0)) -> 622 | D55: =IF($C55=0,"",$B$4/$C55) -> 0.024115756 | E55: =IF($C55=0,"",$B$6/$C55) -> 0.28938907 | F55: =IF($C55=0,"",1-POWER(1-1/$C55,$B$4)) -> 0.023846238 | G55: =IF($C55=0,"",1-POWER(1-1/$C55,$B$6)) -> 0.25145349 | H55: =IF($C55=0,"",$C55/$B$6) -> 3.4555556 | I55: =IF($C55=0,"",($C55*$B55)/$B$6) -> 228.06667 | J55: Derived (unofficial) | K55: 25 | L55: =SUMIF(Data!$B:$B,$A55,Data!$F:$F) -> 1650
A56: Black Parallel - Season 1 | B56: =COUNTIF(Data!$B:$B,$A56) -> 100 | C56: =IF($L56=0,"",ROUND($D$13/$L56,0)) -> 410 | D56: =IF($C56=0,"",$B$4/$C56) -> 0.036585366 | E56: =IF($C56=0,"",$B$6/$C56) -> 0.43902439 | F56: =IF($C56=0,"",1-POWER(1-1/$C56,$B$4)) -> 0.035967291 | G56: =IF($C56=0,"",1-POWER(1-1/$C56,$B$6)) -> 0.35568056 | H56: =IF($C56=0,"",$C56/$B$6) -> 2.2777778 | I56: =IF($C56=0,"",($C56*$B56)/$B$6) -> 227.77778 | J56: Derived (unofficial) | K56: 25 | L56: =SUMIF(Data!$B:$B,$A56,Data!$F:$F) -> 2500
A57: Black Parallel - Season 2 | B57: =COUNTIF(Data!$B:$B,$A57) -> 100 | C57: =IF($L57=0,"",ROUND($D$13/$L57,0)) -> 410 | D57: =IF($C57=0,"",$B$4/$C57) -> 0.036585366 | E57: =IF($C57=0,"",$B$6/$C57) -> 0.43902439 | F57: =IF($C57=0,"",1-POWER(1-1/$C57,$B$4)) -> 0.035967291 | G57: =IF($C57=0,"",1-POWER(1-1/$C57,$B$6)) -> 0.35568056 | H57: =IF($C57=0,"",$C57/$B$6) -> 2.2777778 | I57: =IF($C57=0,"",($C57*$B57)/$B$6) -> 227.77778 | J57: Derived (unofficial) | K57: 25 | L57: =SUMIF(Data!$B:$B,$A57,Data!$F:$F) -> 2500
A58: Autographs Triples | B58: =COUNTIFS(Data!$B:$B,"Autographs Triples",Data!$G:$G,"N",Data!$H:$H,"Y") -> 2 | C58: 18000 | D58: =$B$4/C58 -> 0.00083333333 | E58: =$B$6/C58 -> 0.01 | F58: =1-POWER(1-1/C58,$B$4) -> 0.00083300934 | G58: =1-POWER(1-1/C58,$B$6) -> 0.0099504413 | H58: =C58/$B$6 -> 100 | I58: =(C58*B58)/$B$6 -> 200 | J58: Official | M58: Stated pack odds
A59: Autographs Quads | B59: =COUNTIFS(Data!$B:$B,"Autographs Quads",Data!$G:$G,"N",Data!$H:$H,"Y") -> 1 | C59: 30000 | D59: =$B$4/C59 -> 0.0005 | E59: =$B$6/C59 -> 0.006 | F59: =1-POWER(1-1/C59,$B$4) -> 0.00049988335 | G59: =1-POWER(1-1/C59,$B$6) -> 0.0059821354 | H59: =C59/$B$6 -> 166.66667 | I59: =(C59*B59)/$B$6 -> 166.66667 | J59: Official | M59: Stated pack odds
A60: Autographs Quads (Inscribed) | B60: =COUNTIFS(Data!$B:$B,"Autographs Quads (Inscribed)",Data!$G:$G,"N",Data!$H:$H,"Y") -> 1 | C60: 30000 | D60: =$B$4/C60 -> 0.0005 | E60: =$B$6/C60 -> 0.006 | F60: =1-POWER(1-1/C60,$B$4) -> 0.00049988335 | G60: =1-POWER(1-1/C60,$B$6) -> 0.0059821354 | H60: =C60/$B$6 -> 166.66667 | I60: =(C60*B60)/$B$6 -> 166.66667 | J60: Official | M60: Stated pack odds
A61: Autographs Red Parallel | B61: =COUNTIF(Data!$B:$B,$A61) -> 64 | C61: =IF($L61=0,"",ROUND($D$13/$L61,0)) -> 433 | D61: =IF($C61=0,"",$B$4/$C61) -> 0.034642032 | E61: =IF($C61=0,"",$B$6/$C61) -> 0.41570439 | F61: =IF($C61=0,"",1-POWER(1-1/$C61,$B$4)) -> 0.034087565 | G61: =IF($C61=0,"",1-POWER(1-1/$C61,$B$6)) -> 0.34044186 | H61: =IF($C61=0,"",$C61/$B$6) -> 2.4055556 | I61: =IF($C61=0,"",($C61*$B61)/$B$6) -> 153.95556 | J61: Derived (unofficial) | K61: 25-49 | L61: =SUMIF(Data!$B:$B,$A61,Data!$F:$F) -> 2368
A62: Autographs Duals | B62: =COUNTIFS(Data!$B:$B,"Autographs Duals",Data!$G:$G,"N",Data!$H:$H,"Y") -> 12 | C62: 1800 | D62: =$B$4/C62 -> 0.0083333333 | E62: =$B$6/C62 -> 0.1 | F62: =1-POWER(1-1/C62,$B$4) -> 0.0083010038 | G62: =1-POWER(1-1/C62,$B$6) -> 0.095187725 | H62: =C62/$B$6 -> 10 | I62: =(C62*B62)/$B$6 -> 120 | J62: Official | M62: Stated pack odds
A63: Characters Auto Compound V Parallel | B63: =COUNTIF(Data!$B:$B,$A63) -> 29 | C63: =IF($L63=0,"",ROUND($D$13/$L63,0)) -> 722 | D63: =IF($C63=0,"",$B$4/$C63) -> 0.020775623 | E63: =IF($C63=0,"",$B$6/$C63) -> 0.24930748 | F63: =IF($C63=0,"",1-POWER(1-1/$C63,$B$4)) -> 0.020575401 | G63: =IF($C63=0,"",1-POWER(1-1/$C63,$B$6)) -> 0.22079436 | H63: =IF($C63=0,"",$C63/$B$6) -> 4.0111111 | I63: =IF($C63=0,"",($C63*$B63)/$B$6) -> 116.32222 | J63: Derived (unofficial) | K63: 49 | L63: =SUMIF(Data!$B:$B,$A63,Data!$F:$F) -> 1421
A64: Quad Supes Suits | B64: =COUNTIFS(Data!$B:$B,"Quad Supes Suits",Data!$G:$G,"N",Data!$H:$H,"Y") -> 2 | C64: 7200 | D64: =$B$4/C64 -> 0.0020833333 | E64: =$B$6/C64 -> 0.025 | F64: =1-POWER(1-1/C64,$B$4) -> 0.0020813091 | G64: =1-POWER(1-1/C64,$B$6) -> 0.024691781 | H64: =C64/$B$6 -> 40 | I64: =(C64*B64)/$B$6 -> 80 | J64: Official | M64: Stated pack odds
A65: Floor 82 Parallel - Season 1 | B65: =COUNTIF(Data!$B:$B,$A65) -> 100 | C65: =IF($L65=0,"",ROUND($D$13/$L65,0)) -> 125 | D65: =IF($C65=0,"",$B$4/$C65) -> 0.12 | E65: =IF($C65=0,"",$B$6/$C65) -> 1.44 | F65: =IF($C65=0,"",1-POWER(1-1/$C65,$B$4)) -> 0.11350747 | G65: =IF($C65=0,"",1-POWER(1-1/$C65,$B$6)) -> 0.7644403 | H65: =IF($C65=0,"",$C65/$B$6) -> 0.69444444 | I65: =IF($C65=0,"",($C65*$B65)/$B$6) -> 69.444444 | J65: Derived (unofficial) | K65: 82 | L65: =SUMIF(Data!$B:$B,$A65,Data!$F:$F) -> 8200
A66: Floor 82 Parallel - Season 2 | B66: =COUNTIF(Data!$B:$B,$A66) -> 100 | C66: =IF($L66=0,"",ROUND($D$13/$L66,0)) -> 125 | D66: =IF($C66=0,"",$B$4/$C66) -> 0.12 | E66: =IF($C66=0,"",$B$6/$C66) -> 1.44 | F66: =IF($C66=0,"",1-POWER(1-1/$C66,$B$4)) -> 0.11350747 | G66: =IF($C66=0,"",1-POWER(1-1/$C66,$B$6)) -> 0.7644403 | H66: =IF($C66=0,"",$C66/$B$6) -> 0.69444444 | I66: =IF($C66=0,"",($C66*$B66)/$B$6) -> 69.444444 | J66: Derived (unofficial) | K66: 82 | L66: =SUMIF(Data!$B:$B,$A66,Data!$F:$F) -> 8200
A67: Characters Floor 82 Parallel | B67: =COUNTIF(Data!$B:$B,$A67) -> 50 | C67: =IF($L67=0,"",ROUND($D$13/$L67,0)) -> 250 | D67: =IF($C67=0,"",$B$4/$C67) -> 0.06 | E67: =IF($C67=0,"",$B$6/$C67) -> 0.72 | F67: =IF($C67=0,"",1-POWER(1-1/$C67,$B$4)) -> 0.058348774 | G67: =IF($C67=0,"",1-POWER(1-1/$C67,$B$6)) -> 0.51395003 | H67: =IF($C67=0,"",$C67/$B$6) -> 1.3888889 | I67: =IF($C67=0,"",($C67*$B67)/$B$6) -> 69.444444 | J67: Derived (unofficial) | K67: 82 | L67: =SUMIF(Data!$B:$B,$A67,Data!$F:$F) -> 4100
A68: Retro Auto Parallel | B68: =COUNTIF(Data!$B:$B,$A68) -> 14 | C68: =IF($L68=0,"",ROUND($D$13/$L68,0)) -> 814 | D68: =IF($C68=0,"",$B$4/$C68) -> 0.018427518 | E68: =IF($C68=0,"",$B$6/$C68) -> 0.22113022 | F68: =IF($C68=0,"",1-POWER(1-1/$C68,$B$4)) -> 0.018269891 | G68: =IF($C68=0,"",1-POWER(1-1/$C68,$B$6)) -> 0.19849668 | H68: =IF($C68=0,"",$C68/$B$6) -> 4.5222222 | I68: =IF($C68=0,"",($C68*$B68)/$B$6) -> 63.311111 | J68: Derived (unofficial) | K68: 90 | L68: =SUMIF(Data!$B:$B,$A68,Data!$F:$F) -> 1260
A69: A View From Home SPs | B69: =COUNTIFS(Data!$B:$B,"A View From Home SPs",Data!$G:$G,"N",Data!$H:$H,"Y") -> 10 | C69: 720 | D69: =$B$4/C69 -> 0.020833333 | E69: =$B$6/C69 -> 0.25 | F69: =1-POWER(1-1/C69,$B$4) -> 0.020632001 | G69: =1-POWER(1-1/C69,$B$6) -> 0.22133454 | H69: =C69/$B$6 -> 4 | I69: =(C69*B69)/$B$6 -> 40 | J69: Official | M69: Stated pack odds
A70: Supes SPs | B70: =COUNTIFS(Data!$B:$B,"Supes SPs",Data!$G:$G,"N",Data!$H:$H,"Y") -> 10 | C70: 720 | D70: =$B$4/C70 -> 0.020833333 | E70: =$B$6/C70 -> 0.25 | F70: =1-POWER(1-1/C70,$B$4) -> 0.020632001 | G70: =1-POWER(1-1/C70,$B$6) -> 0.22133454 | H70: =C70/$B$6 -> 4 | I70: =(C70*B70)/$B$6 -> 40 | J70: Official | M70: Stated pack odds
A71: Triple Supes Suits | B71: =COUNTIFS(Data!$B:$B,"Triple Supes Suits",Data!$G:$G,"N",Data!$H:$H,"Y") -> 2 | C71: 3600 | D71: =$B$4/C71 -> 0.0041666667 | E71: =$B$6/C71 -> 0.05 | F71: =1-POWER(1-1/C71,$B$4) -> 0.0041585746 | G71: =1-POWER(1-1/C71,$B$6) -> 0.048777182 | H71: =C71/$B$6 -> 20 | I71: =(C71*B71)/$B$6 -> 40 | J71: Official | M71: Stated pack odds
A72: Supes Suits SPs | B72: =COUNTIFS(Data!$B:$B,"Supes Suits SP's",Data!$G:$G,"N",Data!$H:$H,"Y") -> 8 | C72: 720 | D72: =$B$4/C72 -> 0.020833333 | E72: =$B$6/C72 -> 0.25 | F72: =1-POWER(1-1/C72,$B$4) -> 0.020632001 | G72: =1-POWER(1-1/C72,$B$6) -> 0.22133454 | H72: =C72/$B$6 -> 4 | I72: =(C72*B72)/$B$6 -> 32 | J72: Official | M72: Stated pack odds
A73: Action Figures Autographs | B73: =COUNTIFS(Data!$B:$B,"Action Figures Autographs",Data!$G:$G,"N",Data!$H:$H,"Y") -> 14 | C73: 360 | D73: =$B$4/C73 -> 0.041666667 | E73: =$B$6/C73 -> 0.5 | F73: =1-POWER(1-1/C73,$B$4) -> 0.040866153 | G73: =1-POWER(1-1/C73,$B$6) -> 0.39389118 | H73: =C73/$B$6 -> 2 | I73: =(C73*B73)/$B$6 -> 28 | J73: Official | M73: Stated pack odds
A74: Most Wanted | B74: =COUNTIFS(Data!$B:$B,"Most Wanted",Data!$G:$G,"N",Data!$H:$H,"Y") -> 5 | C74: 900 | D74: =$B$4/C74 -> 0.016666667 | E74: =$B$6/C74 -> 0.2 | F74: =1-POWER(1-1/C74,$B$4) -> 0.016537659 | G74: =1-POWER(1-1/C74,$B$6) -> 0.18136028 | H74: =C74/$B$6 -> 5 | I74: =(C74*B74)/$B$6 -> 25 | J74: Official | M74: Stated pack odds
A75: Action Figures Autographs Variation | B75: =COUNTIFS(Data!$B:$B,"Action Figures Autographs Variation",Data!$G:$G,"N",Data!$H:$H,"Y") -> 4 | C75: 1080 | D75: =$B$4/C75 -> 0.013888889 | E75: =$B$6/C75 -> 0.16666667 | F75: =1-POWER(1-1/C75,$B$4) -> 0.013799229 | G75: =1-POWER(1-1/C75,$B$6) -> 0.15358363 | H75: =C75/$B$6 -> 6 | I75: =(C75*B75)/$B$6 -> 24 | J75: Official | M75: Stated pack odds
A76: Dual Supes Suits | B76: =COUNTIFS(Data!$B:$B,"Dual Supes Suits",Data!$G:$G,"N",Data!$H:$H,"Y") -> 6 | C76: 630 | D76: =$B$4/C76 -> 0.023809524 | E76: =$B$6/C76 -> 0.28571429 | F76: =1-POWER(1-1/C76,$B$4) -> 0.023546785 | G76: =1-POWER(1-1/C76,$B$6) -> 0.24869327 | H76: =C76/$B$6 -> 3.5 | I76: =(C76*B76)/$B$6 -> 21 | J76: Official | M76: Stated pack odds
A77: Characters Auto Parallel | B77: =COUNTIFS(Data!$B:$B,"Characters Auto Parallel",Data!$G:$G,"N",Data!$H:$H,"Y") -> 30 | C77: 105 | D77: =$B$4/C77 -> 0.14285714 | E77: =$B$6/C77 -> 1.7142857 | F77: =1-POWER(1-1/C77,$B$4) -> 0.13371538 | G77: =1-POWER(1-1/C77,$B$6) -> 0.82138117 | H77: =C77/$B$6 -> 0.58333333 | I77: =(C77*B77)/$B$6 -> 17.5 | J77: Official | M77: Stated pack odds
A78: Retro | B78: =COUNTIFS(Data!$B:$B,"Retro",Data!$G:$G,"N",Data!$H:$H,"Y") -> 15 | C78: 180 | D78: =$B$4/C78 -> 0.083333333 | E78: =$B$6/C78 -> 1 | F78: =1-POWER(1-1/C78,$B$4) -> 0.080169326 | G78: =1-POWER(1-1/C78,$B$6) -> 0.63314482 | H78: =C78/$B$6 -> 1 | I78: =(C78*B78)/$B$6 -> 15 | J78: Official | M78: Stated pack odds
A79: Compound V Parallel - Season 1 | B79: =COUNTIF(Data!$B:$B,$A79) -> 100 | C79: =IF($L79=0,"",ROUND($D$13/$L79,0)) -> 26 | D79: =IF($C79=0,"",$B$4/$C79) -> 0.57692308 | E79: =IF($C79=0,"",$B$6/$C79) -> 6.9230769 | F79: =IF($C79=0,"",1-POWER(1-1/$C79,$B$4)) -> 0.4447355 | G79: =IF($C79=0,"",1-POWER(1-1/$C79,$B$6)) -> 0.99914099 | H79: =IF($C79=0,"",$C79/$B$6) -> 0.14444444 | I79: =IF($C79=0,"",($C79*$B79)/$B$6) -> 14.444444 | J79: Derived (unofficial) | K79: 399 | L79: =SUMIF(Data!$B:$B,$A79,Data!$F:$F) -> 39900
A80: Compound V Parallel - Season 2 | B80: =COUNTIF(Data!$B:$B,$A80) -> 100 | C80: =IF($L80=0,"",ROUND($D$13/$L80,0)) -> 26 | D80: =IF($C80=0,"",$B$4/$C80) -> 0.57692308 | E80: =IF($C80=0,"",$B$6/$C80) -> 6.9230769 | F80: =IF($C80=0,"",1-POWER(1-1/$C80,$B$4)) -> 0.4447355 | G80: =IF($C80=0,"",1-POWER(1-1/$C80,$B$6)) -> 0.99914099 | H80: =IF($C80=0,"",$C80/$B$6) -> 0.14444444 | I80: =IF($C80=0,"",($C80*$B80)/$B$6) -> 14.444444 | J80: Derived (unofficial) | K80: 399 | L80: =SUMIF(Data!$B:$B,$A80,Data!$F:$F) -> 39900
A81: Characters Compound V Parallel | B81: =COUNTIF(Data!$B:$B,$A81) -> 50 | C81: =IF($L81=0,"",ROUND($D$13/$L81,0)) -> 51 | D81: =IF($C81=0,"",$B$4/$C81) -> 0.29411765 | E81: =IF($C81=0,"",$B$6/$C81) -> 3.5294118 | F81: =IF($C81=0,"",1-POWER(1-1/$C81,$B$4)) -> 0.25698527 | G81: =IF($C81=0,"",1-POWER(1-1/$C81,$B$6)) -> 0.9716881 | H81: =IF($C81=0,"",$C81/$B$6) -> 0.28333333 | I81: =IF($C81=0,"",($C81*$B81)/$B$6) -> 14.166667 | J81: Derived (unofficial) | K81: 399 | L81: =SUMIF(Data!$B:$B,$A81,Data!$F:$F) -> 19950
A82: Team Ups | B82: =COUNTIFS(Data!$B:$B,"Team Ups",Data!$G:$G,"N",Data!$H:$H,"Y") -> 25 | C82: 100 | D82: =$B$4/C82 -> 0.15 | E82: =$B$6/C82 -> 1.8 | F82: =1-POWER(1-1/C82,$B$4) -> 0.13994165 | G82: =1-POWER(1-1/C82,$B$6) -> 0.83619203 | H82: =C82/$B$6 -> 0.55555556 | I82: =(C82*B82)/$B$6 -> 13.888889 | J82: Official | M82: Stated pack odds
A83: Autographs (Inscribed) | B83: =COUNTIFS(Data!$B:$B,"Autographs",Data!$E:$E,"Inscribed",Data!$G:$G,"N",Data!$H:$H,"Y") -> 10 | C83: 210 | D83: =$B$4/C83 -> 0.071428571 | E83: =$B$6/C83 -> 0.85714286 | F83: =1-POWER(1-1/C83,$B$4) -> 0.069096055 | G83: =1-POWER(1-1/C83,$B$6) -> 0.57649509 | H83: =C83/$B$6 -> 1.1666667 | I83: =(C83*B83)/$B$6 -> 11.666667 | J83: Official | M83: Stated pack odds
A84: Metal Prints | B84: =COUNTIFS(Data!$B:$B,"Metal Prints",Data!$G:$G,"N",Data!$H:$H,"Y") -> 30 | C84: 60 | D84: =$B$4/C84 -> 0.25 | E84: =$B$6/C84 -> 3 | F84: =1-POWER(1-1/C84,$B$4) -> 0.22283825 | G84: =1-POWER(1-1/C84,$B$6) -> 0.95145584 | H84: =C84/$B$6 -> 0.33333333 | I84: =(C84*B84)/$B$6 -> 10 | J84: Official | M84: Stated pack odds
A85: A View From Home | B85: =COUNTIFS(Data!$B:$B,"A View From Home",Data!$G:$G,"N",Data!$H:$H,"Y") -> 30 | C85: 48 | D85: =$B$4/C85 -> 0.3125 | E85: =$B$6/C85 -> 3.75 | F85: =1-POWER(1-1/C85,$B$4) -> 0.27079555 | G85: =1-POWER(1-1/C85,$B$6) -> 0.97739567 | H85: =C85/$B$6 -> 0.26666667 | I85: =(C85*B85)/$B$6 -> 8 | J85: Official | M85: Stated pack odds
A86: Action Figures Variation | B86: =COUNTIFS(Data!$B:$B,"Action Figures Variation",Data!$G:$G,"N",Data!$H:$H,"Y") -> 15 | C86: 90 | D86: =$B$4/C86 -> 0.16666667 | E86: =$B$6/C86 -> 2 | F86: =1-POWER(1-1/C86,$B$4) -> 0.15430754 | G86: =1-POWER(1-1/C86,$B$6) -> 0.86617123 | H86: =C86/$B$6 -> 0.5 | I86: =(C86*B86)/$B$6 -> 7.5 | J86: Official | M86: Stated pack odds
A87: Supes Suits | B87: =COUNTIFS(Data!$B:$B,"Supes Suits",Data!$G:$G,"N",Data!$H:$H,"Y") -> 8 | C87: 165 | D87: =$B$4/C87 -> 0.090909091 | E87: =$B$6/C87 -> 1.0909091 | F87: =1-POWER(1-1/C87,$B$4) -> 0.087151813 | G87: =1-POWER(1-1/C87,$B$6) -> 0.66520213 | H87: =C87/$B$6 -> 0.91666667 | I87: =(C87*B87)/$B$6 -> 7.3333333 | J87: Official | M87: Stated pack odds
A88: Supes (Lenticular) | B88: =COUNTIFS(Data!$B:$B,"Supes",Data!$G:$G,"N",Data!$H:$H,"Y") -> 30 | C88: 30 | D88: =$B$4/C88 -> 0.5 | E88: =$B$6/C88 -> 6 | F88: =1-POWER(1-1/C88,$B$4) -> 0.398617 | G88: =1-POWER(1-1/C88,$B$6) -> 0.99776224 | H88: =C88/$B$6 -> 0.16666667 | I88: =(C88*B88)/$B$6 -> 5 | J88: Official | M88: Stated pack odds
A89: Red Parallel - Season 1 | B89: =COUNTIFS(Data!$B:$B,"Red Parallel - Season 1",Data!$G:$G,"N",Data!$H:$H,"Y") -> 100 | C89: 3 | D89: =$B$4/C89 -> 5 | E89: =$B$6/C89 -> 60 | F89: =1-POWER(1-1/C89,$B$4) -> 0.99771634 | G89: =1-POWER(1-1/C89,$B$6) -> 1 | H89: =C89/$B$6 -> 0.016666667 | I89: =(C89*B89)/$B$6 -> 1.6666667 | J89: Official | M89: Stated pack odds
A90: Red Parallel - Season 2 | B90: =COUNTIFS(Data!$B:$B,"Red Parallel - Season 2",Data!$G:$G,"N",Data!$H:$H,"Y") -> 100 | C90: 3 | D90: =$B$4/C90 -> 5 | E90: =$B$6/C90 -> 60 | F90: =1-POWER(1-1/C90,$B$4) -> 0.99771634 | G90: =1-POWER(1-1/C90,$B$6) -> 1 | H90: =C90/$B$6 -> 0.016666667 | I90: =(C90*B90)/$B$6 -> 1.6666667 | J90: Official | M90: Stated pack odds
A91: Action Figures | B91: =COUNTIFS(Data!$B:$B,"Action Figures",Data!$G:$G,"N",Data!$H:$H,"Y") -> 15 | C91: 11 | D91: =$B$4/C91 -> 1.3636364 | E91: =$B$6/C91 -> 16.363636 | F91: =1-POWER(1-1/C91,$B$4) -> 0.76060795 | G91: =1-POWER(1-1/C91,$B$6) -> 0.99999996 | H91: =C91/$B$6 -> 0.061111111 | I91: =(C91*B91)/$B$6 -> 0.91666667 | J91: Official | M91: Stated pack odds
A92: Characters Red Parallel | B92: =COUNTIFS(Data!$B:$B,"Characters Red Parallel",Data!$G:$G,"N",Data!$H:$H,"Y") -> 50 | C92: 3 | D92: =$B$4/C92 -> 5 | E92: =$B$6/C92 -> 60 | F92: =1-POWER(1-1/C92,$B$4) -> 0.99771634 | G92: =1-POWER(1-1/C92,$B$6) -> 1 | H92: =C92/$B$6 -> 0.016666667 | I92: =(C92*B92)/$B$6 -> 0.83333333 | J92: Official | M92: Stated pack odds
A93: Behind The Boys | B93: =COUNTIFS(Data!$B:$B,"Behind The Boys",Data!$G:$G,"N",Data!$H:$H,"Y") -> 15 | C93: 5 | D93: =$B$4/C93 -> 3 | E93: =$B$6/C93 -> 36 | F93: =1-POWER(1-1/C93,$B$4) -> 0.96481563 | G93: =1-POWER(1-1/C93,$B$6) -> 1 | H93: =C93/$B$6 -> 0.027777778 | I93: =(C93*B93)/$B$6 -> 0.41666667 | J93: Official | M93: Stated pack odds
A94: In Memory Of... | B94: =COUNTIFS(Data!$B:$B,"In Memory Of...",Data!$G:$G,"N",Data!$H:$H,"Y") -> 15 | C94: 5 | D94: =$B$4/C94 -> 3 | E94: =$B$6/C94 -> 36 | F94: =1-POWER(1-1/C94,$B$4) -> 0.96481563 | G94: =1-POWER(1-1/C94,$B$6) -> 1 | H94: =C94/$B$6 -> 0.027777778 | I94: =(C94*B94)/$B$6 -> 0.41666667 | J94: Official | M94: Stated pack odds
A95: Quotes | B95: =COUNTIFS(Data!$B:$B,"Quotes",Data!$G:$G,"N",Data!$H:$H,"Y") -> 15 | C95: 5 | D95: =$B$4/C95 -> 3 | E95: =$B$6/C95 -> 36 | F95: =1-POWER(1-1/C95,$B$4) -> 0.96481563 | G95: =1-POWER(1-1/C95,$B$6) -> 1 | H95: =C95/$B$6 -> 0.027777778 | I95: =(C95*B95)/$B$6 -> 0.41666667 | J95: Official | M95: Stated pack odds
A100: Base / variable-odds subsets (notes only)
A101: Set | B101: Cards in Set | C101: Notes
A102: Base Set - Season 1 | B102: =COUNTIFS(Data!$B:$B,"Base Set - Season 1",Data!$H:$H,"Y") -> 100 | C102: 2 Season 1 base cards per pack
A103: Base Set - Season 2 | B103: =COUNTIFS(Data!$B:$B,"Base Set - Season 2",Data!$H:$H,"Y") -> 100 | C103: 2 Season 2 base cards per pack
A104: Characters | B104: =COUNTIFS(Data!$B:$B,"Characters",Data!$H:$H,"Y") -> 50 | C104: 1 Character card per pack
A105: Autographs | B105: =COUNTIFS(Data!$B:$B,"Autographs",Data!$H:$H,"Y") -> 66 | C105: Odds vary by card (see checklist; many 1:120 and 1:210)
A107: Notes: Use column J (Odds Source) to see whether odds are OFFICIAL (stated 1:X from checklist) or DERIVED (unofficial). Derived pack odds are estimated as (Estimated total packs produced in cell D13) ÷ (Total Copies in column L) and are NOT official odds.

Sheet Char Popularity
A1: CharacterKey | B1: PopTier (1-5) | C1: PopMultiplier | D1: Notes
A2: A-Train | B2: 4 | C2: =1+(B2-3)*Dashboard!$R$23 -> 1.1 | D2: edit tier if needed
A3: Ashley Barrett | B3: 3 | C3: =1+(B3-3)*Dashboard!$R$23 -> 1 | D3: edit tier if needed
A4: Becca Butcher | B4: 3 | C4: =1+(B4-3)*Dashboard!$R$23 -> 1 | D4: edit tier if needed
A5: Billy Butcher | B5: 5 | C5: =1+(B5-3)*Dashboard!$R$23 -> 1.2 | D5: edit tier if needed
A6: Black Noir | B6: 4 | C6: =1+(B6-3)*Dashboard!$R$23 -> 1.1 | D6: edit tier if needed
A7: Carol | B7: 3 | C7: =1+(B7-3)*Dashboard!$R$23 -> 1 | D7: edit tier if needed
A8: Cherie | B8: 3 | C8: =1+(B8-3)*Dashboard!$R$23 -> 1 | D8: edit tier if needed
A9: Cindy | B9: 3 | C9: =1+(B9-3)*Dashboard!$R$23 -> 1 | D9: edit tier if needed
A10: Donna January | B10: 3 | C10: =1+(B10-3)*Dashboard!$R$23 -> 1 | D10: edit tier if needed
A11: Doppelganger | B11: 3 | C11: =1+(B11-3)*Dashboard!$R$23 -> 1 | D11: edit tier if needed
A12: Eagle the Archer | B12: 3 | C12: =1+(B12-3)*Dashboard!$R$23 -> 1 | D12: edit tier if needed
A13: Elena | B13: 3 | C13: =1+(B13-3)*Dashboard!$R$23 -> 1 | D13: edit tier if needed
... A43: Victoria Neuman | B43: 4 | C43: =1+(B43-3)*Dashboard!$R$23 -> 1.1 | D43: edit tier if needed

Sheet Base S1
A1: Card # | B1: Card Name | C1: Base | D1: Red | E1: Gold (ePack Craft) | F1: Compound V /399 | G1: Floor 82 /82 | H1: Black /25 | I1: The Seven /7 | J1: Printing Plate
A2: 1 | B2: Maeve Saves | C2: h | D2: h | E2: C | F2: C | G2: V 68/82
A3: 2 | B3: Awww, How Cute! | C3: h | D3: h | E3: C | F3: V | G3: V 66/82
A4: 3 | B4: Lend Me a Hand? | C4: h | D4: h | E4: C | F4: C | G4: C 54/82
A5: 4 | B5: New York, New York | C5: h | D5: h | E5: C | F5: V | G5: C 18/82
A6: 5 | B6: You're on in Five! | C6: h | D6: h | E6: C | F6: V | G6: C 47/82
A7: 6 | B7: Get Them That Got Your Girl | C7: h | D7: h | E7: C | F7: V | G7: C 73/82
A8: 7 | B8: For Supes' Eyes Only | C8: h | D8: h | E8: C | F8: V | G8: C 74/82 | I8: C 1/7
A9: 8 | B9: Watch and Learn | C9: h | D9: h | E9: C | F9: C | G9: C 22/82
A10: 9 | B10: Meet Cute | C10: h | D10: h | E10: C | F10: C | G10: C 32/82 | H10: C 24/25
A11: 10 | B11: Not Admitting Fault | C11: h | D11: h | E11: C | F11: C | G11: V 43/82 | H11: C 16/25
A12: 11 | B12: Now You See Me | C12: h | D12: h | E12: C | F12: V | G12: C '01/82
A13: 12 | B13: Hughie's O Face | C13: h | D13: h | E13: C | F13: V | G13: C 71/82 | I13: C 3/7
A14: 13 | B14: Where's Your Sense of Adventure? | C14: h | D14: h | E14: C | F14: V | G14: C 02/82
A15: 14 | B15: Snitches Get Stitches | C15: h | D15: h | E15: C | F15: V | G15: C 53/82 | J15: V Black C Cyan
A16: 15 | B16: Water-Adjacent Crime | C16: h | D16: h | E16: C | F16: V | G16: V 51/82 | H16: C 19/25
A17: 16 | B17: In Over Your Head | C17: h | D17: h | E17: C | F17: V | G17: C 76/82 | H17: C 15/25 | I17: C 4/7 | J17: V YELLOW
A18: 17 | B18: Blowing Smoke | C18: h | D18: h | E18: C | F18: V | G18: C 58/82 | H18: C 20/25
A19: 18 | B19: Size Matters | C19: h | D19: h | E19: C | F19: V | G19: C '02/82
A20: 19 | B20: We've Got Company | C20: h | D20: h | E20: C | F20: V | G20: V 57/82
A21: 20 | B21: You're the Homelander | C21: h | D21: h | E21: C | F21: V | G21: V 21/82 | H21: C 15/25
A22: 21 | B22: Keep Your Hands Clean | C22: h | D22: h | E22: C | F22: C | G22: C 33/82
A23: 22 | B23: Brothers in Arms | C23: h | D23: h | E23: C | F23: V | G23: C '08/82 | I23: C 7/7
A24: 23 | B24: Unhappy Reunion | C24: h | D24: h | E24: C | F24: C | G24: C 52/82
A25: 24 | B25: You Know the Drill | C25: h | D25: h | E25: C | F25: C | G25: C 25/82
A26: 25 | B26: #Selfie Season | C26: h | D26: h | E26: C | F26: V | G26: C 39/82 | J26: d Magenta
A27: 26 | B27: Almost Caught | C27: h | D27: h | E27: C | F27: V | G27: C 55/82
A28: 27 | B28: Too Fast to Catch | C28: h | D28: h | E28: C | F28: V | G28: C 09/82 | H28: V 18/25
A29: 28 | B29: Terminal Beauty | C29: h | D29: h | E29: C | F29: V | G29: V 66/82 | I29: C 5/7
A30: 29 | B30: Coming for You | C30: h | D30: h | E30: C | F30: V | G30: C 12/82
A31: 30 | B31: The Prisoner | C31: h | D31: h | E31: C | F31: V | G31: C 33/82 | H31: C 14/25
A32: 31 | B32: We're in this Together | C32: h | D32: h | E32: C | F32: V | G32: C '76/82
A33: 32 | B33: Bowling for Supes | C33: h | D33: h | E33: C | F33: V | G33: V 73/82
A34: 33 | B34: Job Well Done | C34: h | D34: h | E34: C | F34: V | G34: V 79/82
A35: 34 | B35: Flight 37 | C35: h | D35: h | E35: C | F35: V | G35: C 42/82
A36: 35 | B36: Detective Butcher | C36: h | D36: h | E36: C | F36: V | G36: C 33/82
A37: 36 | B37: Hidden in Plain Sight | C37: h | D37: h | E37: C | F37: V | G37: C 82/82
A38: 37 | B38: She Ain't One of Us | C38: h | D38: h | E38: C | F38: C | G38: V 50/82
A39: 38 | B39: He's a Friend | C39: h | D39: h | E39: C | F39: V | G39: C 32/82 | I39: C 5/7
A40: 39 | B40: Remember 37 | C40: h | D40: h | E40: C | F40: C | G40: V 13/82 | I40: C 7/7
A41: 40 | B41: Believe Expo | C41: h | D41: h | E41: C | F41: C | G41: C 71/82 | H41: V 14/25 | J41: C Magenta
A42: 41 | B42: Chosen | C42: h | D42: h | E42: C | F42: C | G42: C 32/82
A43: 42 | B43: Everybody Loves Homelander | C43: h | D43: h | E43: C | F43: C | G43: C 16/82
A44: 43 | B44: VIP | C44: h | D44: h | E44: C | F44: V | G44: C 66/82
A45: 44 | B45: Born Again | C45: h | D45: h | E45: C | F45: V | G45: C '07/82
A46: 45 | B46: Played Like Jazz | C46: h | D46: h | E46: C | F46: V | G46: C 09/82 | H46: V 05/25
A47: 46 | B47: Not Gone, Not Forgotten | C47: h | D47: h | E47: C | F47: V | G47: V 53/82
A48: 47 | B48: I'm Done Pretending | C48: h | D48: h | E48: C | F48: V | G48: C '01/82 | H48: V 12/25
A49: 48 | B49: Laser Baby | C49: h | D49: h | E49: C | F49: V | G49: V 75/82
A50: 49 | B50: Burned Again | C50: h | D50: h | E50: C | F50: V | G50: C 02/82
A51: 50 | B51: Showdown | C51: h | D51: h | E51: C | F51: V | G51: V '09/82
A52: 51 | B52: Down Not Out | C52: h | D52: h | E52: C | F52: V | G52: C '36/82 | H52: C 18/25
A53: 52 | B53: Focus on the Prize | C53: h | D53: h | E53: C | F53: C | G53: C 60/82 | H53: C 20/25 | I53: C 3/7
A54: 53 | B54: Why is That There? | C54: h | D54: h | E54: C | F54: V | G54: C 54/82 | H54: V 19/25
A55: 54 | B55: MM, Interrupted | C55: h | D55: h | E55: C | F55: C | G55: C 50/82
A56: 55 | B56: Petite Lazarus | C56: h | D56: h | E56: C | F56: V | G56: V 04/82 | I56: C 4/7
A57: 56 | B57: Association of Collateral Damage Survivors | C57: h | D57: h | E57: C | F57: V | G57: C 61/82 | H57: V 08/25 | J57: V Black
A58: 57 | B58: Heroes and Headliners | C58: h | D58: h | E58: C | F58: C | G58: C 47/82 | H58: C 20/25
A59: 58 | B59: Mesmerized | C59: h | D59: h | E59: C | F59: V | G59: V 64/82 | H59: C 13/25
A60: 59 | B60: Father Daughter Time | C60: h | D60: h | E60: C | F60: V | G60: C 50/82 | H60: V 12/25
A61: 60 | B61: Last Known Location | C61: h | D61: h | E61: C | F61: V | G61: C 76/82
A62: 61 | B62: The Blanket | C62: h | D62: h | E62: C | F62: C | G62: C 18/82
A63: 62 | B63: Round Two | C63: h | D63: h | E63: C | F63: C | G63: V 20/82 | H63: C 03/25
A64: 63 | B64: Lost Past | C64: h | D64: h | E64: C | F64: C | G64: V 46/82
A65: 64 | B65: No Secrets from Me | C65: h | D65: h | E65: C | F65: V | G65: C 26/82 | H65: V 04/25
A66: 65 | B66: Dating a Supe | C66: h | D66: h | E66: C | F66: V | G66: C 18/82 | H66: V 07/25
A67: 66 | B67: Company Holiday Party | C67: h | D67: h | E67: C | F67: V | G67: V 64/82 | H67: C 18/25
A68: 67 | B68: On Your "A" Game | C68: h | D68: h | E68: C | F68: V | G68: C 31/82 | H68: V 02/25
A69: 68 | B69: A Betrayal | C69: h | D69: h | E69: C | F69: C | G69: C 78/82
A70: 69 | B70: I Hope You're Right About Her | C70: h | D70: h | E70: C | F70: C | G70: C 71/82
A71: 70 | B71: Loyal to a Dead Woman | C71: h | D71: h | E71: C | F71: C | G71: C 33/82
A72: 71 | B72: Burned, Part III | C72: h | D72: h | E72: C | F72: V | G72: C 76/82 | H72: C 2/25
A73: 72 | B73: A Supe Up His Sleeve | C73: h | D73: h | E73: C | F73: C | G73: C 38/82
A74: 73 | B74: Remember That Marketing Girl? | C74: h | D74: h | E74: C | F74: V | G74: V 33/82
A75: 74 | B75: Snitches Get Stitches, Pt.2 | C75: h | D75: h | E75: C | F75: C | G75: C 78/82 | H75: C 07/25
A76: 75 | B76: I Can Help You Find Her | C76: h | D76: h | E76: C | F76: V | G76: C '12/82
A77: 76 | B77: Proud Father | C77: h | D77: h | E77: C | F77: C | G77: C 28/82
A78: 77 | B78: An Unprecedented Medical Condition | C78: h | D78: h | E78: C | F78: V | G78: V 09/82
A79: 78 | B79: A Butcher's Bargain | C79: h | D79: h | E79: C | F79: V | G79: V 07/82 | H79: C 21/25
A80: 79 | B80: I'll Be Dead Before Sunrise | C80: h | D80: h | E80: C | F80: V | G80: V 26/82
A81: 80 | B81: Sergeant Homelander | C81: h | D81: h | E81: C | F81: C | G81: V 69/82 | H81: C 02/25
A82: 81 | B82: V Overseas | C82: h | D82: h | E82: C | F82: V | G82: V 62/82
A83: 82 | B83: In Hiding | C83: h | D83: h | E83: C | F83: V | G83: C 76/82 | H83: C 23/25 | J83: V Black C Magenta
A84: 83 | B84: Makeover | C84: h | D84: h | E84: C | F84: C | G84: C 37/82 | H84: C 23/25
A85: 84 | B85: Truth Hurts | C85: h | D85: h | E85: C | F85: C | G85: V 46/82 | H85: C 11/25 | I85: C 1/7
A86: 85 | B86: When Do I Ship Out? | C86: h | D86: h | E86: C | F86: C | G86: V 75/82
A87: 86 | B87: Yeah, and I'm Homelander | C87: h | D87: h | E87: C | F87: V | G87: C 37/82 | H87: C 19/25 | I87: C 7/7 | J87: C Black
A88: 87 | B88: You're Abandoning Them | C88: h | D88: h | E88: C | F88: V | G88: V 54/82 | H88: C 3/25
A89: 88 | B89: Everybody Hurts | C89: h | D89: h | E89: C | F89: C | G89: C 20/82 | H89: C 01/25 | I89: C 1/7
A90: 89 | B90: More Awful Secrets | C90: h | D90: h | E90: C | F90: V | G90: V 38/82 | H90: C 11/25 | I90: C 7/7
A91: 90 | B91: Training Day | C91: h | D91: h | E91: C | F91: V | G91: C 82/82 | H91: C 10/25
A92: 91 | B92: Played Out | C92: h | D92: h | E92: C | F92: C | G92: C '09/82
A93: 92 | B93: The View From 82 | C93: h | D93: h | E93: C | F93: C | G93: V 47/82 | H93: C 15/25
A94: 93 | B94: My Position's Taken | C94: h | D94: h | E94: C | F94: V | G94: V 29/82
A95: 94 | B95: Surprise Visit | C95: h | D95: h | E95: C | F95: V | G95: C '02/82
A96: 95 | B96: The Great Escape | C96: h | D96: h | E96: C | F96: V | G96: C 69/82 | J96: C Magenta
A97: 96 | B97: You Found Me | C97: h | D97: h | E97: C | F97: C | G97: V 77/82 | H97: C 24/25
A98: 97 | B98: A-Train is Down | C98: h | D98: h | E98: C | F98: V | G98: C | H98: C
A99: 98 | B99: Trigger Finger | C99: h | D99: h | E99: C | F99: C | G99: V 22/82 | H99: C 13/25
A100: 99 | B100: You're Going to Love This | C100: h | D100: h | E100: C | F100: C | G100: C 05/82 | H100: C 11/25
...

Sheet Base S2
A1: Card # | B1: Card Name | C1: Base | D1: Red | E1: Gold (ePack Craft) | F1: Compound V /399 | G1: Floor 82 /82 | H1: Black /25 | I1: The Seven /7 | J1: Printing Plate
A2: 101 | B2: Terms and Conditions | C2: h | D2: h | E2: C | F2: V | G2: V 46/82 | H2: C 06/25
A3: 102 | B3: Burn in Truth | C3: h | D3: h | E3: C | F3: C | G3: C 29/82
A4: 103 | B4: Out of Sight, Never Out of Mind | C4: h | D4: h | E4: C | F4: C | G4: C
A5: 104 | B5: Never Truly Vanish | C5: h | D5: h | E5: C | F5: C | G5: V 04/82 | H5: C 24/25
A6: 105 | B6: Pressure | C6: h | D6: h | E6: C | F6: C | G6: C '02/82
A7: 106 | B7: Dr. Mother's Milk | C7: h | D7: h | E7: C | F7: C | G7: C 69/82
A8: 107 | B8: Caught In the Act | C8: h | D8: h | E8: C | F8: C | G8: C 15/82
A9: 108 | B9: Filling Ms. Stillwell's Shoes | C9: h | D9: h | E9: C | F9: V | G9: V 25/82 | H9: V 13/25 | I9: C 7/7
A10: 109 | B10: What's Your Poison? | C10: h | D10: h | E10: C | F10: C | G10: V 55/82 | H10: V 22/25
A11: 110 | B11: I Thought We Were Friends | C11: h | D11: h | E11: C | F11: C | G11: V 78/82 | H11: C 20/25
A12: 111 | B12: Stormfront Official | C12: h | D12: h | E12: C | F12: C | G12: C 13/82 | H12: C 18/25
A13: 112 | B13: A Coup From the Inside | C13: h | D13: h | E13: C | F13: V | G13: V '12/82
A14: 113 | B14: No Correct or Incorrect Answer | C14: h | D14: h | E14: C | F14: V | G14: C 48/82 | H14: C 14/25
A15: 114 | B15: What's Missing? | C15: h | D15: h | E15: C | F15: V | G15: C 76/82 | H15: C 17/25
A16: 115 | B16: Time to Realign | C16: h | D16: h | E16: C | F16: C | G16: C 16/82
A17: 116 | B17: Dip in a Little Toe | C17: h | D17: h | E17: C | F17: C | G17: V 35/82 | I17: C 1/7
A18: 117 | B18: Girls Get it Done | C18: h | D18: h | E18: C | F18: C | G18: V 43/82 | H18: C 24/25 | I18: C 1/7
A19: 118 | B19: Here Comes A-train | C19: h | D19: h | E19: C | F19: C | G19: V 29/82 | H19: C 21/25
A20: 119 | B20: Power of Prayer | C20: h | D20: h | E20: C | F20: V | G20: C 67/82
A21: 120 | B21: I Know What You Did | C21: h | D21: h | E21: C | F21: V | G21: C 46/82 | H21: C 21/25
A22: 121 | B22: Partyworld | C22: h | D22: h | E22: C | F22: C | G22: V 70/82
A23: 122 | B23: Brother, Sister | C23: h | D23: h | E23: C | F23: C | G23: C '07/82
A24: 123 | B24: Butcher, Wait! | C24: h | D24: h | E24: C | F24: C | G24: C 61/82 | H24: C 24/25
A25: 124 | B25: My Brother, the Terrorist | C25: h | D25: h | E25: C | F25: V | G25: V 66/82
A26: 125 | B26: Neutralize Her if Necessary | C26: h | D26: h | E26: C | F26: C | G26: C 46/82
A27: 126 | B27: Side Effects | C27: h | D27: h | E27: C | F27: C | G27: C 74/82 | H27: V 24/25
A28: 127 | B28: Dawn of the Seven | C28: h | D28: h | E28: C | F28: C | G28: C 50/82
A29: 128 | B29: You Can't Even Give Me This, Can You? | C29: h | D29: h | E29: C | F29: C | G29: C 37/82 | I29: V 7/7
A30: 129 | B30: The World Still Needs Heroes | C30: h | D30: h | E30: C | F30: C | G30: V 16/82 | H30: C 20/25 | I30: C 2/7
A31: 130 | B31: Pierce the Whale | C31: h | D31: h | E31: C | F31: V | G31: V 33/82 | H31: C 06/25 | I31: C 6/7
A32: 131 | B32: Staying Put | C32: h | D32: h | E32: C | F32: C | G32: C 19/82 | H32: C 04/25
A33: 132 | B33: Your Canary | C33: h | D33: h | E33: C | F33: C | G33: V 20/82 | H33: C 20/25
A34: 133 | B34: Goodbye Lucy | C34: h | D34: h | E34: C | F34: C | G34: V 68/82
A35: 134 | B35: A-Train Off The Rails | C35: h | D35: h | E35: C | F35: C | G35: C 82/82
A36: 135 | B36: My Second Wind | C36: h | D36: h | E36: C | F36: C | G36: C 22/82
A37: 136 | B37: Kill Him, Or I'll Kill You Both | C37: h | D37: h | E37: C | F37: C | G37: C 17/82
A38: 137 | B38: Out of the Hole | C38: h | D38: h | E38: C | F38: C | G38: C 28/82 | H38: C 20/25
A39: 138 | B39: No Shelter From The Storm | C39: h | D39: h | E39: C | F39: C | G39: C 23/82
A40: 139 | B40: Open Your Eyes | C40: h | D40: h | E40: C | F40: C | G40: C | H40: V 16/25 | J40: C Black
A41: 140 | B41: Home Sweet Hideout | C41: h | D41: h | E41: C | F41: C | G41: V 78/82
A42: 141 | B42: Are You Thirsty? | C42: h | D42: h | E42: C | F42: C | G42: V 55/82
A43: 142 | B43: The Seven Is Your Team | C43: h | D43: h | E43: C | F43: C | G43: V 41/82
A44: 143 | B44: Change Back | C44: h | D44: h | E44: C | F44: C | G44: C 70/82 | H44: C 02/25
A45: 144 | B45: I Can't Do This Anymore | C45: h | D45: h | E45: C | F45: C | G45: V 22/82
A46: 145 | B46: You Fancy the Beard? | C46: h | D46: h | E46: C | F46: C | G46: C 49/82
A47: 146 | B47: Anti-Terror Rally | C47: h | D47: h | E47: C | F47: V | G47: C 32/82 | H47: V 20/25
A48: 147 | B48: Leave Me Alone | C48: h | D48: h | E48: C | F48: C | G48: C '3/82 | H48: C 3/25
A49: 148 | B49: That's Liberty | C49: h | D49: h | E49: C | F49: C | G49: V 28/82 | H49: V 13/25
A50: 149 | B50: He's a Supe Freak | C50: h | D50: h | E50: C | F50: C | G50: C | H50: C 23/25
A51: 150 | B51: The Warpath You're On | C51: h | D51: h | E51: C | F51: C | G51: C 56/82
A52: 151 | B52: Token of The Trip | C52: h | D52: h | E52: C | F52: V | G52: C | H52: C 10/25
A53: 152 | B53: In the Rubble | C53: h | D53: h | E53: C | F53: C | G53: C 60/82
A54: 153 | B54: I'm a Lot Like You | C54: h | D54: h | E54: C | F54: V | G54: C 30/82 | H54: C 24/25 | I54: C 6/7
A55: 154 | B55: Brilliant! | C55: h | D55: h | E55: C | F55: C | G55: V 47/82 | H55: V 12/25 | J55: V Cyan
A56: 155 | B56: Stop Torturing Me | C56: h | D56: h | E56: C | F56: V | G56: C 55/82
A57: 156 | B57: Visiting Aunt Judy | C57: h | D57: h | E57: C | F57: C | G57: C 79/82
A58: 157 | B58: As Scripted | C58: h | D58: h | E58: C | F58: V | G58: V 49/82
A59: 158 | B59: We Were Worried | C59: h | D59: h | E59: C | F59: C | G59: V 46/82
A60: 159 | B60: We Aren't Going Anywhere | C60: h | D60: h | E60: C | F60: V | G60: C 37/82 | J60: C Yellow
A61: 160 | B61: I'm Sorted | C61: h | D61: h | E61: C | F61: C | G61: C 60/82 | H61: C 21/25
A62: 161 | B62: Black Noir's Here | C62: h | D62: h | E62: C | F62: C | G62: V 48/82
A63: 162 | B63: Forgive Me | C63: h | D63: h | E63: C | F63: C | G63: V 69/82 | H63: C 15/25
A64: 163 | B64: #BraveMaeve | C64: h | D64: h | E64: C | F64: C | G64: C 53/82 | I64: V 5/7
A65: 164 | B65: Not For Sale | C65: h | D65: h | E65: C | F65: V | G65: V 56/82
A66: 165 | B66: Hit Girl | C66: h | D66: h | E66: C | F66: C | G66: C 46/82
A67: 166 | B67: Poison For Your Soul | C67: h | D67: h | E67: C | F67: V | G67: C 64/82 | I67: C 2/7
A68: 167 | B68: Sunset on A-Train | C68: h | D68: h | E68: C | F68: C | G68: C 39/82
A69: 168 | B69: To the Taffy Room | C69: h | D69: h | E69: C | F69: C | G69: V 18/82
A70: 169 | B70: Smoked Out | C70: h | D70: h | E70: C | F70: V | G70: C 50/82 | H70: C 25/25
A71: 170 | B71: Milk It | C71: h | D71: h | E71: C | F71: C | G71: C 35/82 | H71: C 01/25 | I71: V 6/7 | J71: C Cyan
A72: 171 | B72: Vought's Dirty Little Secret | C72: h | D72: h | E72: C | F72: C | G72: C 14/82
A73: 172 | B73: This Might Sting A Little | C73: h | D73: h | E73: C | F73: C | G73: C 66/82 | H73: V 02/25
A74: 173 | B74: Open Up | C74: h | D74: h | E74: C | F74: C | G74: C 68/82 | H74: V 21/25
A75: 174 | B75: The Sage Grove Center | C75: h | D75: h | E75: C | F75: V | G75: C 74/82 | H75: C 18/25
A76: 175 | B76: The Bloody Door's Off | C76: h | D76: h | E76: C | F76: C | G76: C 70/82 | H76: C 25/25
A77: 176 | B77: Patient Breakout | C77: h | D77: h | E77: C | F77: C | G77: C 74/82
A78: 177 | B78: Patient Freakout | C78: h | D78: h | E78: C | F78: V | G78: C 25/82 | H78: C 11/25 | I78: C 7/7
A79: 178 | B79: Fire on Set | C79: h | D79: h | E79: C | F79: C | G79: V 75/82
A80: 179 | B80: How Was Your Meeting? | C80: h | D80: h | E80: C | F80: C | G80: C 63/82
A81: 180 | B81: What Happened? | C81: h | D81: h | E81: C | F81: C | G81: C 12/82
A82: 181 | B82: He's Gonna Make It | C82: h | D82: h | E82: C | F82: C | G82: C 73/82 | H82: C 06/25
A83: 182 | B83: Kids Shampoo | C83: h | D83: h | E83: C | F83: C | G83: C 51/82 | H83: V 15/25
A84: 183 | B84: Going Public | C84: h | D84: h | E84: C | F84: V | G84: V 72/82
A85: 184 | B85: Your Dad is Dead | C85: h | D85: h | E85: C | F85: C | G85: C 66/82
A86: 185 | B86: You Abandoned Him, Not Me | C86: h | D86: h | E86: C | F86: C | G86: V 77/82
A87: 186 | B87: Baby Fever | C87: h | D87: h | E87: C | F87: V | G87: C 05/82 | I87: C 6/7
A88: 187 | B88: You're Old Enough | C88: h | D88: h | E88: C | F88: C | G88: C 29/82 | H88: C 06/25
A89: 188 | B89: Please Don't Take Him From Me | C89: h | D89: h | E89: C | F89: C | G89: V 32/82
A90: 189 | B90: Lamplighter's Sacrifice | C90: h | D90: h | E90: C | F90: C | G90: C 76/82 | H90: V 21/25
A91: 190 | B91: He Needs His Mother | C91: h | D91: h | E91: C | F91: C | G91: h | H91: C 18/25
A92: 191 | B92: Dad-napped | C92: h | D92: h | E92: C | F92: V | G92: C 70/82 | I92: C 2/7
A93: 192 | B93: Mind-Blowing Testimony | C93: h | D93: h | E93: C | F93: V | G93: C 65/82
A94: 193 | B94: Your Only Contingency | C94: h | D94: h | E94: C | F94: C | G94: C
A95: 194 | B95: And You Call Me Ruthless | C95: h | D95: h | E95: C | F95: C | G95: C 53/82
A96: 195 | B96: I Like to See the Lights Go Out | C96: h | D96: h | E96: C | F96: C | G96: C 60/82 | H96: C 19/25
A97: 196 | B97: Keep Him Safe | C97: h | D97: h | E97: C | F97: V | G97: C '11/82
A98: 197 | B98: I'm Sorry, Mom | C98: h | D98: h | E98: C | F98: V | G98: V 44/82 | H98: C 14/25
A99: 198 | B99: I Promised | C99: h | D99: h | E99: C | F99: C | G99: V 03/82 | H99: C 13/25
A100: 199 | B100: The World Will Know You're A Monster | C100: h | D100: h | E100: C | F100: V | G100: C 17/82 | H100: C 12/25 | I100: V 5/7
...

Sheet Characters
A1: Card # | B1: Character | C1: Base | D1: Red | E1: Gold (ePack Craft) | F1: Compound V /399 | G1: Floor 82 /82 | H1: Black /25 | I1: The Seven /7 | J1: Printing Plate | K1: Characters Auto | L1: Characters Auto CV /49
A2: C-1 | B2: Jack Quaid as Hughie Campbell | C2: h | D2: h | E2: C | F2: V | G2: C 09/82 | K2: V
A3: C-2 | B3: Antony Starr as Homelander | C3: h | D3: h | E3: C | F3: V | G3: C 12/82 | H3: C 25/25
A4: C-3 | B4: Karl Urban as Billy Butcher | C4: h | D4: h | E4: C | F4: V | G4: V 06/82 | H4: C 15/25 | K4: V
A5: C-4 | B5: Erin Moriarty as Starlight | C5: h | D5: h | E5: C | F5: C | G5: V 71/82
A6: C-5 | B6: Jessie T. Usher as A-Train | C6: h | D6: h | E6: C | F6: V | G6: C 54/82
A7: C-6 | B7: Elisabeth Shue as Madelyn Stillwell | C7: h | D7: h | E7: C | F7: V | G7: C 67/82 | L7: V 18/49
A8: C-7 | B8: Chace Crawford as The Deep | C8: h | D8: h | E8: C | F8: C | G8: V 41/82 | H8: C 01/25
A9: C-8 | B9: Laz Alonso as Mother's Milk | C9: h | D9: h | E9: C | F9: V | G9: C 71/82 | H9: V 13/25 | K9: V | L9: V 14/49
A10: C-9 | B10: Dominique McElligott as Queen Maeve | C10: h | D10: h | E10: C | F10: V | G10: C 17/82 | H10: C 17/25 | K10: V
A11: C-10 | B11: Karen Fukuhara as Kimiko | C11: h | D11: h | E11: C | F11: V | G11: C 18/82 | K11: V
A12: C-11 | B12: Tomer Capone as Frenchie | C12: h | D12: h | E12: C | F12: V | G12: C 57/82 | H12: C 09/25
A13: C-12 | B13: Nathan Mitchell as Black Noir | C13: h | D13: h | E13: C | F13: V | G13: C 38/82 | H13: C 13/25
A14: C-13 | B14: Alex Hassell as Translucent | C14: h | D14: h | E14: C | F14: V | G14: V 50/82 | H14: C 22/25 | J14: V Magenta | K14: C | L14: C 26/49
A15: C-14 | B15: Giancarlo Esposito as Stan Edgar | C15: h | D15: h | E15: C | F15: V | G15: C 19/82 | H15: C 05/25
A16: C-15 | B16: Brittany Allen as Popclaw | C16: h | D16: h | E16: C | F16: V | G16: V 76/82 | I16: C 1/7 | K16: V
A17: C-16 | B17: Shaun Benson as Eziekiel | C17: h | D17: h | E17: C | F17: V | G17: C 78/82 | H17: V 18/25 | I17: V 4/7
A18: C-17 | B18: Colby Minifie as Ashley Barrett | C18: h | D18: h | E18: C | F18: V | G18: V 51/82 | H18: C 18/25 | K18: V
A19: C-18 | B19: Shantel VanSanten as Becca Butcher | C19: h | D19: h | E19: C | F19: V | G19: V 72/82 | H19: C 19/25 | K19: C | L19: V '06/49
A20: C-19 | B20: Shawn Ashmore as Lamplighter | C20: h | D20: h | E20: C | F20: C | G20: C 34/82 | H20: C 21/25 | J20: V Cyan | K20: V
A21: C-20 | B21: Jordana Lajoie as Cherie | C21: h | D21: h | E21: C | F21: V | G21: V 42/82 | H21: C 04/25 | K21: C
A22: C-21 | B22: Mishka Thebaud as Shockwave | C22: h | D22: h | E22: C | F22: V | G22: C 47/82 | H22: C 08/25 | K22: d
A23: C-22 | B23: Cameron Crovetti as Ryan | C23: h | D23: h | E23: C | F23: V | G23: V 21/82 | H23: C 25/25
A24: C-23 | B24: Shawn Ashmore as Lamplighter | C24: h | D24: h | E24: C | F24: C | G24: V 46/82 | I24: C 3/7 | K24: C | L24: C 30/49
A25: C-24 | B25: Claudia Doumit as Victoria Neuman | C25: h | D25: h | E25: C | F25: V | G25: C 81/82
A26: C-25 | B26: Ann Cusack as Donna January | C26: h | D26: h | E26: C | F26: V | G26: V 24/82 | H26: C 15/25
A27: C-26 | B27: Haley Osment as Mesmer | C27: h | D27: h | E27: C | F27: V | G27: C 56/82 | H27: C 02/25 | I27: C 7/7
A28: C-27 | B28: Simon Pegg as Hughie Campbell Sr. | C28: h | D28: h | E28: C | F28: C | G28: V 68/82 | H28: C 15/25
A29: C-28 | B29: Jennifer Esposito as Susan Rayner | C29: h | D29: h | E29: C | F29: V | G29: V 79/82
A30: C-29 | B30: Laila Robins as Grace Mallory | C30: h | D30: h | E30: C | F30: V | G30: V 66/82 | L30: V '08/49
A31: C-30 | B31: Haley Osment as Mesmer | C31: h | D31: h | E31: C | F31: V | G31: V 08/82
A32: C-31 | B32: Elisabeth Shue as Madelyn Stillwell | C32: h | D32: h | E32: C | F32: V | G32: C 27/82 | H32: V 08/25
A33: C-32 | B33: Terror | C33: h | D33: h | E33: C | F33: V | G33: C 42/82 | H33: C 17/25 | J33: C Yellow
A34: C-33 | B34: Langston Kerman as Eagle the Archer | C34: h | D34: h | E34: C | F34: V | G34: C '03/82 | H34: C 11/25
A35: C-34 | B35: Jessica Hecht as Carol | C35: h | D35: h | E35: C | F35: C | G35: V 71/82 | H35: V 25/25
A36: C-35 | B36: Abraham Lim as Kenji Miyashiro | C36: h | D36: h | E36: C | F36: V | G36: C 03/82
A37: C-36 | B37: Nicola Correia-Damude as Elena | C37: h | D37: h | E37: C | F37: V | G37: C 74/82 | I37: V 6/7
A38: C-37 | B38: Christian Keyes as Nathan Franklin | C38: h | D38: h | E38: C | F38: V | G38: C 60/82 | H38: C 23/25 | I38: C 5/7
A39: C-38 | B39: Simon Pegg as Hughie Campbell Sr. | C39: h | D39: h | E39: C | F39: V | G39: C 46/82 | H39: C 15/25
A40: C-39 | B40: Nathan Mitchell as Black Noir | C40: h | D40: h | E40: C | F40: V | G40: C 08/82 | H40: C 06/25 | J40: Black | K40: V
A41: C-40 | B41: Tomer Capone as Frenchie | C41: h | D41: h | E41: C | F41: C | G41: C 30/82 | H41: C 14/25
A42: C-41 | B42: Laser Baby | C42: h | D42: h | E42: C | F42: C | G42: V 10/82
A43: C-42 | B43: Mishka Thebaud as Shockwave | C43: h | D43: h | E43: C | F43: C | G43: C 55/82 | L43: C 29/49
A44: C-43 | B44: Lucy the Whale | C44: h | D44: h | E44: C | F44: V | G44: C 43/82 | H44: C 01/25 | I44: C 5/7
A45: C-44 | B45: Ess Hodelmoser as Cindy | C45: h | D45: h | E45: C | F45: C | G45: C 42/82
A46: C-45 | B46: Colby Minifie as Ashley Barrett | C46: h | D46: h | E46: C | F46: V | G46: V 24/82 | H46: C 11/25 | K46: C | L46: V 45/49
A47: C-46 | B47: Erin Moriarty as Starlight | C47: h | D47: h | E47: C | F47: V | G47: C 45/82 | H47: C 07/25
A48: C-47 | B48: Antony Starr as Homelander | C48: h | D48: h | E48: C | F48: V | G48: V 50/82
A49: C-48 | B49: David W. Thompson as Gecko | C49: h | D49: h | E49: C | F49: C | G49: C 53/82 | I49: C 7/7
A50: C-49 | B50: John Doman as Jonah Vogelbaum | C50: h | D50: h | E50: C | F50: C | G50: C 51/82 | H50: C 14/25
A51: C-50 | B51: Dan Darin-Zenco as Doppelganger | C51: h | D51: h | E51: C | F51: V | G51: C 05/82 | H51: V 01/25

Sheet Achievements
A1: Set | B1: Card # | C1: Card Name | D1: Status
A2: The Seven Achievements | B2: S-1 | C2: Nathan Mitchell as Black Noir | D2: C
A3: The Seven Achievements | B3: S-2 | C3: Alex Hassell as Translucent | D3: d
A4: The Seven Achievements | B4: S-3 | C4: Chace Crawford as The Deep | D4: d
A5: The Seven Achievements | B5: S-4 | C5: Jessie T. Usher as A-Train | D5: d
A6: The Seven Achievements | B6: S-5 | C6: Dominique McElligott as Queen Maeve | D6: d
A7: The Seven Achievements | B7: S-6 | C7: Erin Moriarty as Starlight | D7: d
A8: The Seven Achievements | B8: S-7 | C8: Antony Starr as Homelander
A9: The Seven Auto Achievement | B9: MA-1 | C9: Alex Hassell (Translucent) / Antony Starr (Homelander) / Chace Crawford (The Deep) / Dominique McElligott (Queen Maeve) / Erin Moriarty (Starlight) / Jessie T. Usher (A-Train) / Nathan Mitchell (Black Noir)
A10: Retro Printing Plate Achievements | B10: R-1 | C10: Hughie Campbell
A11: Retro Printing Plate Achievements | B11: R-2 | C11: Starlight
A12: Retro Printing Plate Achievements | B12: R-3 | C12: Billy Butcher
A13: Retro Printing Plate Achievements | B13: R-4 | C13: A-Train
A14: Retro Printing Plate Achievements | B14: R-5 | C14: Homelander
A15: Retro Printing Plate Achievements | B15: R-6 | C15: The Deep
A16: Retro Printing Plate Achievements | B16: R-7 | C16: Frenchie
A17: Retro Printing Plate Achievements | B17: R-8 | C17: Kimiko
A18: Retro Printing Plate Achievements | B18: R-9 | C18: Popclaw
A19: Retro Printing Plate Achievements | B19: R-10 | C19: Lamplighter
... A24: Retro Printing Plate Achievements | B24: R-15 | C24: Black Noir

Sheet Inserts - Story
A1: Set | B1: Card # | C1: Card Name | D1: Base | E1: Gold /7 | F1: Printing Plate
A2: Behind The Boys | B2: BB-1 | C2: Lucy the Whale | D2: h
A3: Behind The Boys | B3: BB-2 | C3: Girls Get it Done | D3: h
A4: Behind The Boys | B4: BB-3 | C4: Aftermath | D4: h | E4: C '7/7
A5: Behind The Boys | B5: BB-4 | C5: The Seven | D5: h
A6: Behind The Boys | B6: BB-5 | C6: Fighting Translucent | D6: h
A7: Behind The Boys | B7: BB-6 | C7: Stopped in their Tracks | D7: h
A8: Behind The Boys | B8: BB-7 | C8: Audition | D8: h
A9: Behind The Boys | B9: BB-8 | C9: Producers Chair | D9: h
A10: Behind The Boys | B10: BB-9 | C10: Clapperboard | D10: h
A11: Behind The Boys | B11: BB-10 | C11: Breaking Character | D11: h
A12: Behind The Boys | B12: BB-11 | C12: A-Train is Sorry | D12: h
A13: Behind The Boys | B13: BB-12 | C13: Fighting Translucent | D13: h
A14: Behind The Boys | B14: BB-13 | C14: The Seven | D14: h
A15: Behind The Boys | B15: BB-14 | C15: Hughie on Set | D15: h
A16: Behind The Boys | B16: BB-15 | C16: Outside Vought | D16: h | E16: C 2/7
A17: Quotes | B17: Q-1 | C17: Homelander | D17: h
A18: Quotes | B18: Q-2 | C18: Starlight | D18: h
A19: Quotes | B19: Q-3 | C19: Billy Butcher | D19: h
A20: Quotes | B20: Q-4 | C20: Hughie Campbell | D20: h
A21: Quotes | B21: Q-5 | C21: Queen Maeve | D21: h | E21: C '2/7
A22: Quotes | B22: Q-6 | C22: Stan Edgar | D22: h
A23: Quotes | B23: Q-7 | C23: The Deep | D23: h
A24: Quotes | B24: Q-8 | C24: Madelyn Stillwell | D24: h
A25: Quotes | B25: Q-9 | C25: Donna January | D25: h
A26: Quotes | B26: Q-10 | C26: Translucent | D26: h
A27: Quotes | B27: Q-11 | C27: Becca Butcher | D27: h
A28: Quotes | B28: Q-12 | C28: A-Train | D28: h
A29: Quotes | B29: Q-13 | C29: Lamplighter | D29: h
A30: Quotes | B30: Q-14 | C30: Frenchie | D30: h
A31: Quotes | B31: Q-15 | C31: Black Noir | D31: h
A32: In Memory Of... | B32: IMO-1 | C32: Robin Ward | D32: h
A33: In Memory Of... | B33: IMO-2 | C33: Translucent | D33: h
... A37: In Memory Of... | B37: IMO-6 | C37: Lucy the Whale | D37: h
A38: In Memory Of... | B38: IMO-7 | C38: Mesmer | D38: h | E38: C '6/7
A39: In Memory Of... | B39: IMO-8 | C39: Becca Butcher | D39: h
A40: In Memory Of... | B40: IMO-9 | C40: Lamplighter | D40: h | E40: C 5/7
A41: In Memory Of... | B41: IMO-10 | C41: Popclaw | D41: h
A42: In Memory Of... | B42: IMO-11 | C42: Doppleganger | D42: h | E42: C '6/7
A43: In Memory Of... | B43: IMO-12 | C43: Jonah Vogelbaum | D43: h | E43: V 7/7
A44: In Memory Of... | B44: IMO-13 | C44: Shockwave | D44: h
A45: In Memory Of... | B45: IMO-14 | C45: Kenji | D45: h | E45: C 7/7
A46: In Memory Of... | B46: IMO-15 | C46: Jonah Vogelbaum | D46: h

Sheet Team Ups
A1: Set | B1: Card # | C1: Card Name | D1: Print Run | E1: Status
A2: Team Ups | B2: TU-1 | C2: Billy Butcher/Hughie Campbell | D2: 300 | E2: C
A3: Team Ups | B3: TU-2 | C3: Queen Maeve/Homelander | D3: 300 | E3: C
A4: Team Ups | B4: TU-3 | C4: The Deep/Homelander | D4: 300 | E4: C
A5: Team Ups | B5: TU-4 | C5: Mother's Milk/Billy Butcher | D5: 300 | E5: C
A6: Team Ups | B6: TU-5 | C6: Kimiko/Frenchie | D6: 300 | E6: C
A7: Team Ups | B7: TU-6 | C7: Homelander/Mesmer | D7: 300 | E7: V
A8: Team Ups | B8: TU-7 | C8: Becca Butcher/Billy Butcher | D8: 300 | E8: C
A9: Team Ups | B9: TU-8 | C9: Hughie Campbell/Starlight | D9: 300 | E9: C
A10: Team Ups | B10: TU-9 | C10: Hughie Campbell/Mother's Milk | D10: 300 | E10: C
A11: Team Ups | B11: TU-10 | C11: Billy Butcher/Grace Mallory | D11: 300 | E11: V
A12: Team Ups | B12: TU-11 | C12: Kenji/Kimiko | D12: 300 | E12: C
A13: Team Ups | B13: TU-12 | C13: Starlight/Stormfront | D13: 300 | E13: V
... A26: Team Ups | B26: TU-25 | C26: Susan Rayner/Billy Butcher | D26: 300 | E26: V

Sheet A View From Home
A1: Set | B1: Card # | C1: Card Name | D1: Print Run | E1: Status
A2: A View From Home | B2: VFH-01 | C2: Sorry, I Guess | D2: 520 | E2: V
A3: A View From Home | B3: VFH-02 | C3: Deepest Condolences | D3: 520 | E3: V
A4: A View From Home | B4: VFH-03 | C4: Selfie | D4: 520 | E4: d
A5: A View From Home | B5: VFH-04 | C5: Proper Introduction | D5: 520 | E5: V
A6: A View From Home | B6: VFH-05 | C6: Basking in her Glow | D6: 520 | E6: V
A7: A View From Home | B7: VFH-06 | C7: Leverage | D7: 520 | E7: V
A8: A View From Home | B8: VFH-07 | C8: We Need More Time | D8: 520 | E8: V
A9: A View From Home | B9: VFH-08 | C9: It'll Be Different This Go | D9: 520 | E9: V
A10: A View From Home | B10: VFH-09 | C10: There's No Normal Anymore | D10: 520 | E10: V
A11: A View From Home | B11: VFH-10 | C11: What Did I Tell You About Boring Speeches? | D11: 520 | E11: V
A12: A View From Home | B12: VFH-11 | C12: Uh, He's a Friend | D12: 520 | E12: V
A13: A View From Home | B13: VFH-12 | C13: One More for the Guy Upstairs! | D13: 520 | E13: V
... A34: A View From Home SPs | B34: VHSP-03 | C34: Bright Future Ahead | D34: 104 | E34: V
A35: A View From Home SPs | B35: VHSP-04 | C35: Let Me Protect You | D35: 104
A36: A View From Home SPs | B36: VHSP-05 | C36: Up Close and Personal | D36: 104
A37: A View From Home SPs | B37: VHSP-06 | C37: No Longer The Seven | D37: 104 | E37: d
A38: A View From Home SPs | B38: VHSP-07 | C38: Poor Lucy | D38: 104
A39: A View From Home SPs | B39: VHSP-08 | C39: My Favorite Drink | D39: 104 | E39: V
A40: A View From Home SPs | B40: VHSP-09 | C40: I'm a Lot Like You | D40: 104 | E40: d
A41: A View From Home SPs | B41: VHSP-10 | C41: Open the Door | D41: 104 | E41: V

Sheet Retro
A1: Card # | B1: Retro Insert Name | C1: Retro Insert Print Run: 277 each | D1: Retro Auto Name | E1: Retro Auto /90 | F1: Retro Auto Gold /1
A2: R-1 | B2: Hughie Campbell | C2: V | D2: Jack Quaid as Hughie Campbell
A3: R-2 | B3: Starlight | C3: C | D3: Erin Moriarty as Starlight
A4: R-3 | B4: Billy Butcher | C4: C | D4: Karl Urban as Billy Butcher
A5: R-4 | B5: A-Train | C5: V | D5: Jessie T. Usher as A-Train
A6: R-5 | B6: Homelander | D6: Antony Starr as Homelander
A7: R-6 | B7: The Deep | C7: V | D7: Chace Crawford as The Deep
A8: R-7 | B8: Frenchie | C8: V | D8: Tomer Capone as Frenchie | E8: V 69/90
A9: R-8 | B9: Kimiko | C9: V | D9: Karen Fukuhara as Kimiko
A10: R-9 | B10: Popclaw | C10: C | D10: Brittany Allen as Popclaw | E10: C 84/90
A11: R-10 | B11: Lamplighter | C11: V | D11: Shawn Ashmore as Lamplighter | E11: V 25/90
A12: R-11 | B12: Mother's Milk | C12: C | D12: Laz Alonso as Mother's Milk | E12: d 06/90
A13: R-12 | B13: Madelyn Stillwell | C13: V | D13: Elisabeth Shue as Madelyn Stillwell
A14: R-13 | B14: Translucent | C14: V | D14: Alex Hassell as Translucent
A15: R-14 | B15: Queen Maeve | C15: C | D15: Dominique McElligott as Queen Maeve
A16: R-15 | B16: Black Noir | C16: V | D16: Nathan Mitchell as Black Noir

Sheet Inserts - General
A1: Set | B1: Card # | C1: Card Name | D1: Print Run | E1: Status
A2: Metal Prints | B2: MP-1 | C2: Translucent | D2: 416 | E2: C
A3: Metal Prints | B3: MP-2 | C3: Homelander | D3: 416 | E3: C
A4: Metal Prints | B4: MP-3 | C4: Black Noir | D4: 416 | E4: V
A5: Metal Prints | B5: MP-4 | C5: Starlight | D5: 416 | E5: V
A6: Metal Prints | B6: MP-5 | C6: Hughie Campbell | D6: 416 | E6: C
A7: Metal Prints | B7: MP-6 | C7: Hughie Campbell Sr. | D7: 416 | E7: C
A8: Metal Prints | B8: MP-7 | C8: The Deep | D8: 416 | E8: C
A9: Metal Prints | B9: MP-8 | C9: Mother's Milk | D9: 416 | E9: V
A10: Metal Prints | B10: MP-9 | C10: Popclaw | D10: 416 | E10: C
A11: Metal Prints | B11: MP-10 | C11: Grace Mallory | D11: 416 | E11: V
A12: Metal Prints | B12: MP-11 | C12: Madelyn Stillwell | D12: 416 | E12: V
A13: Metal Prints | B13: MP-12 | C13: Billy Butcher | D13: 416 | E13: V
... A36: Most Wanted | B36: MW-5 | C36: Hughie Campbell | D36: 166 | E36: V

Sheet Supes & Supes SPs
A1: Set | B1: Card # | C1: Card Name | D1: Mem/Tech | E1: Print Run | F1: Status
A2: Supes | B2: S3D-01 | C2: Laser Baby | D2: Lenticular | E2: 831 | F2: V
A3: Supes | B3: S3D-02 | C3: Homelander | D3: Lenticular | E3: 831 | F3: C
A4: Supes | B4: S3D-03 | C4: Starlight | D4: Lenticular | E4: 831 | F4: C
A5: Supes | B5: S3D-04 | C5: Starlight | D5: Lenticular | E5: 831 | F5: C
A6: Supes | B6: S3D-05 | C6: Popclaw | D6: Lenticular | E6: 831 | F6: V
A7: Supes | B7: S3D-06 | C7: Kimiko | D7: Lenticular | E7: 831 | F7: V
A8: Supes | B8: S3D-07 | C8: Black Noir | D8: Lenticular | E8: 831 | F8: V
A9: Supes | B9: S3D-08 | C9: Mesmer | D9: Lenticular | E9: 831 | F9: V
A10: Supes | B10: S3D-09 | C10: A-Train | D10: Lenticular | E10: 831 | F10: V
A11: Supes | B11: S3D-10 | C11: The Deep | D11: Lenticular | E11: 831 | F11: V
A12: Supes | B12: S3D-11 | C12: Homelander | D12: Lenticular | E12: 831 | F12: C
A13: Supes | B13: S3D-12 | C13: Starlight | D13: Lenticular | E13: 831 | F13: C
... A36: Supes SPs | B36: S3SP-05 | C36: Kimiko | D36: Lenticular | E36: 104 | F36: C
A37: Supes SPs | B37: S3SP-06 | C37: Black Noir | D37: Lenticular | E37: 104
A38: Supes SPs | B38: S3SP-07 | C38: Doppelganger | D38: Lenticular | E38: 104 | F38: C
A39: Supes SPs | B39: S3SP-08 | C39: Mesmer | D39: Lenticular | E39: 104 | F39: C
A40: Supes SPs | B40: S3SP-09 | C40: Homelander | D40: Lenticular | E40: 104 | F40: C
A41: Supes SPs | B41: S3SP-10 | C41: Black Noir | D41: Lenticular | E41: 104 | F41: C

Sheet Supes Suits
A1: Set | B1: Card # | C1: Card Name | D1: Mem/Tech | E1: Print Run | F1: Status
A2: Supes Suits | B2: SS-1 | C2: Antony Starr as Homelander | D2: Suit | E2: 567 | F2: V
A3: Supes Suits | B3: SS-2 | C3: Alex Hassell as Translucent | D3: NA | E3: 567 | F3: V
A4: Supes Suits | B4: SS-3 | C4: Jessie T. Usher as A-Train | D4: Suit | E4: 567 | F4: V
A5: Supes Suits | B5: SS-4 | C5: Erin Moriarty as Starlight | D5: Cape | E5: 567 | F5: C
A6: Supes Suits | B6: SS-5 | C6: Antony Starr as Homelander | D6: Suit | E6: 567 | F6: V
A7: Supes Suits | B7: SS-6 | C7: Alex Hassell as Translucent | D7: NA | E7: 567 | F7: C
A8: Supes Suits | B8: SS-7 | C8: Erin Moriarty as Starlight | D8: Cape | E8: 567 | F8: V
A9: Supes Suits | B9: SS-8 | C9: Jessie T. Usher as A-Train | D9: Suit | E9: 567 | F9: C
A10: Supes Suits SP's | B10: SSP-1 | C10: Antony Starr as Homelander | D10: Suit | E10: 130
A11: Supes Suits SP's | B11: SSP-2 | C11: Jessie T. Usher as A-Train | D11: Suit | E11: 130 | F11: C
A12: Supes Suits SP's | B12: SSP-3 | C12: Erin Moriarty as Starlight | D12: Cape | E12: 130
A13: Supes Suits SP's | B13: SSP-4 | C13: Alex Hassell as Translucent | D13: NA | E13: 130 | F13: C
A14: Supes Suits SP's | B14: SSP-5 | C14: Antony Starr as Homelander | D14: Suit | E14: 130 | F14: C
A15: Supes Suits SP's | B15: SSP-6 | C15: Alex Hassell as Translucent | D15: NA | E15: 130 | F15: C
A16: Supes Suits SP's | B16: SSP-7 | C16: Erin Moriarty as Starlight | D16: Cape | E16: 130 | F16: C
A17: Supes Suits SP's | B17: SSP-8 | C17: Jessie T. Usher as A-Train | D17: Suit | E17: 130
A18: Supes Suits Gold | B18: SSG-1 | C18: Antony Starr as Homelander | D18: Suit | E18: /25
A19: Supes Suits Gold | B19: SSG-2 | C19: Alex Hassell as Translucent | D19: NA | E19: /25 | F19: V '12/25
A20: Supes Suits Gold | B20: SSG-3 | C20: Jessie T. Usher as A-Train | D20: Suit | E20: /25
A21: Supes Suits Gold | B21: SSG-4 | C21: Erin Moriarty as Starlight | D21: Cape | E21: /25 | F21: V 17/25
A22: Dual Supes Suits | B22: DSS-1 | C22: Antony Starr as Homelander/Jessie T. Usher as A-Train | D22: Suit-Suit | E22: 200 | F22: C
A23: Dual Supes Suits | B23: DSS-2 | C23: Alex Hassell as Translucent/Antony Starr as Homelander | D23: NA-Suit | E23: 200 | F23: C | G23: Some examples are marked DSG-2
A24: Dual Supes Suits | B24: DSS-3 | C24: Jessie T. Usher as A-Train/Erin Moriarty as Starlight | D24: Suit-Cape | E24: 200 | F24: V
A25: Dual Supes Suits | B25: DSS-4 | C25: Erin Moriarty as Starlight/Antony Starr as Homelander | D25: Cape-Suit | E25: 200 | F25: C
A26: Dual Supes Suits | B26: DSS-5 | C26: Antony Starr as Homelander/Alex Hassell as Translucent | D26: Suit-NA | E26: 200 | F26: C
A27: Dual Supes Suits | B27: DSS-6 | C27: Antony Starr as Homelander/Erin Moriarty as Starlight | D27: Suit-Cape | E27: 200 | F27: C
A28: Dual Supes Suits Gold | B28: DSG-1 | C28: Alex Hassell as Translucent/Erin Moriarty as Starlight | D28: NA-Cape | E28: /25 | F28: V 17/25
A29: Dual Supes Suits Gold | B29: DSG-2 | C29: Antony Starr as Homelander/Erin Moriarty as Starlight | D29: Suit-Cape | E29: /25
A30: Dual Supes Suits Gold | B30: DSG-3 | C30: Alex Hassell as Translucent/Jessie T. Usher as A-Train | D30: NA-Suit | E30: /25
A31: Triple Supes Suits | B31: TSS-1 | C31: Antony Starr as Homelander/Erin Moriarty as Starlight/Alex Hassell as Translucent | D31: Suit-Cape-NA | E31: 100
A32: Triple Supes Suits | B32: TSS-2 | C32: Jessie T. Usher as A-Train/Antony Starr as Homelander/Alex Hassell as Translucent | D32: Suit-Suit-NA | E32: 100 | F32: C
A33: Triple Supes Suits Gold | B33: TSG-1 | C33: Antony Starr as Homelander/Erin Moriarty as Starlight/Alex Hassell as Translucent | D33: Suit-Cape-NA | E33: /25
A34: Quad Supes Suits | B34: QSS-1 | C34: Antony Starr as Homelander/Erin Moriarty as Starlight/Alex Hassell as Translucent/Jessie T. Usher as A-Train | D34: Suit-Cape-NA-Suit | E34: 50
A35: Quad Supes Suits | B35: QSS-2 | C35: Jessie T. Usher as A-Train/Antony Starr as Homelander/Alex Hassell as Translucent/Erin Moriarty as Starlight | D35: Suit-Suit-NA-Cape | E35: 50
A36: Quad Supes Suits Gold | B36: QSG-1 | C36: Antony Starr as Homelander/Erin Moriarty as Starlight/Alex Hassell as Translucent/Jessie T. Usher as A-Train | D36: Suit-Cape-NA-Suit | E36: /25

Sheet Autos - Singles
A1: Auto Set | B1: Card # | C1: Card Name | D1: Base | E1: Red # | F1: Inscribed | G1: Inscribed /25 | H1: Gold /1 | I1: Printing Plate | J1: Plate (Inscribed) | K1: Inscribed /25 (Alt)
A2: Autographs | B2: A-AH | C2: Alex Hassell as Translucent | D2: V | E2: V 22/49
A3: Autographs | B3: A-AL | C3: Brittany Allen as Popclaw | D3: V
A4: Autographs | B4: A-AS | C4: Antony Starr as Homelander | D4: V
A5: Autographs | B5: A-BA | C5: Brittany Allen as Popclaw | D5: C
A6: Autographs | B6: A-BI | C6: Brittany Allen as Popclaw | D6: C
A7: Autographs | B7: A-BR | C7: Brittany Allen as Popclaw | D7: C | E7: C
A8: Autographs | B8: A-CA | C8: Cameron Crovetti as Ryan | D8: V | E8: C 12/25
A9: Autographs | B9: A-CC | C9: Chace Crawford as The Deep
A10: Autographs | B10: A-CH | C10: Chace Crawford as The Deep | L10: A-CH Base all seem to be inscribed "The Deep"
A11: Autographs | B11: A-CL | C11: Colby Minifie as Ashley Barrett | D11: V
A12: Autographs | B12: A-CM | C12: Colby Minifie as Ashley Barrett | D12: C | E12: V 39/49
A13: Autographs | B13: A-CO | C13: Colby Minifie as Ashley Barrett | D13: C
A14: Autographs | B14: A-CP | C14: Tomer Capone as Frenchie (SSP) | E14: C 05/25
A15: Autographs | B15: A-CR | C15: Cameron Crovetti as Ryan | D15: V | E15: C 17/49
A16: Autographs | B16: A-CT | C16: Cameron Crovetti as Ryan | D16: V
A17: Autographs | B17: A-CV | C17: Cameron Crovetti as Ryan "Ryan Butcher" | F17: C | G17: V 18/25
A18: Autographs | B18: A-DM | C18: Dominique McElligott as Queen Maeve | E18: C 11/49
A19: Autographs | B19: A-DO | C19: Dominique McElligott as Queen Maeve
A20: Autographs | B20: A-DQ | C20: Dominique McElligott as Queen Maeve (SSP)
A21: Autographs | B21: A-EM | C21: Erin Moriarty as Starlight | G21: C 12/25
A22: Autographs | B22: A-ES | C22: Elisabeth Shue as Madelyn Stillwell
A23: Autographs | B23: A-FH | C23: Karen Fukuhara as Kimiko | F23: V
A24: Autographs | B24: A-GC | C24: Giancarlo Esposito as Stan Edgar
A25: Autographs | B25: A-GE | C25: Giancarlo Esposito as Stan Edgar
A26: Autographs | B26: A-HA | C26: Alex Hassell as Translucent | E26: d
A27: Autographs | B27: A-HS | C27: Alex Hassell as Translucent
A28: Autographs | B28: A-JL | C28: Jordana Lajoie as Cherie | D28: C | E28: d
A29: Autographs | B29: A-JO | C29: Jordana Lajoie as Cherie | D29: C | E29: V 08/49
A30: Autographs | B30: A-JQ | C30: Jack Quaid as Hughie Campbell
A31: Autographs | B31: A-JR | C31: Jordana Lajoie as Cherie
A32: Autographs | B32: A-JT | C32: Jessie T. Usher as A-Train
A33: Autographs | B33: A-JU | C33: Jessie T. Usher as A-Train | D33: d | G33: V 13/25
A34: Autographs | B34: A-KF | C34: Karen Fukuhara as Kimiko | E34: d
A35: Autographs | B35: A-KK | C35: Karen Fukuhara as Kimiko | D35: V
A36: Autographs | B36: A-KR | C36: Karen Fukuhara as Kimiko (SSP)
A37: Autographs | B37: A-KU | C37: Karl Urban as Billy Butcher
A38: Autographs | B38: A-LA | C38: Laz Alonso as Mother's Milk | D38: V | G38: V 24/25
A39: Autographs | B39: A-LJ | C39: Jordana Lajoie as Cherie | D39: C | E39: V 05/25
A40: Autographs | B40: A-LL | C40: Alex Hassell as Translucent (SSP)
A41: Autographs | B41: A-LR | C41: Laila Robins as Grace Mallory | D41: V
A42: Autographs | B42: A-LZ | C42: Laz Alonso as Mother's Milk | D42: C | E42: V 13/49 | I42: d Black
A43: Autographs | B43: A-MB | C43: Nathan Mitchell as Black Noir | D43: C
A44: Autographs | B44: A-MC | C44: Dominique McElligott as Queen Maeve | F44: C
A45: Autographs | B45: A-MI | C45: Colby Minifie as Ashley Barrett | D45: V
A46: Autographs | B46: A-MK | C46: Mishka Thebaud as Shockwave | D46: V | E46: V 40/49
A47: Autographs | B47: A-MO | C47: Erin Moriarty as Starlight | E47: Y 25/25
A48: Autographs | B48: A-MS | C48: Mishka Thebaud as Shockwave | D48: V | E48: V 01/25 | I48: V Cyan
A49: Autographs | B49: A-MT | C49: Mishka Thebaud as Shockwave | D49: V
A50: Autographs | B50: A-NA | C50: Nathan Mitchell as Black Noir | D50: C
A51: Autographs | B51: A-NE | C51: Antony Starr as Homelander (SSP)
A52: Autographs | B52: A-NL | C52: Nathan Mitchell as Black Noir
A53: Autographs | B53: A-NM | C53: Nathan Mitchell as Black Noir | D53: V
A54: Autographs | B54: A-QD | C54: Jack Quaid as Hughie Campbell | F54: V
A55: Autographs | B55: A-RO | C55: Laila Robins as Grace Mallory | F55: V | G55: C 12/25
A56: Autographs | B56: A-SA | C56: Shawn Ashmore as Lamplighter | D56: d
A57: Autographs | B57: A-SH | C57: Elisabeth Shue as Madelyn Stillwell | F57: C
A58: Autographs | B58: A-SM | C58: Shawn Ashmore as Lamplighter
A59: Autographs | B59: A-SR | C59: Antony Starr as Homelander
A60: Autographs | B60: A-SS | C60: Shantel VanSanten as Becca Butcher | D60: d
A61: Autographs | B61: A-ST | C61: Antony Starr as Homelander
A62: Autographs | B62: A-SV | C62: Shantel VanSanten as Becca Butcher | D62: C | E62: C 17/49
A63: Autographs | B63: A-TB | C63: Mishka Thebaud as Shockwave | D63: C
A64: Autographs | B64: A-TC | C64: Tomer Capone as Frenchie (SSP) | D64: C | E64: C 39/49
A65: Autographs | B65: A-UR | C65: Karl Urban as Billy Butcher | D65: V
A66: Autographs | B66: A-ZA | C66: Laz Alonso as Mother's Milk (SSP) | E66: C 15/25 | G66: Y 06/25
A67: Autographs | B67: A-ZZ | C67: Laz Alonso as Mother's Milk (SSP)
D68: =IF(Characters!K48="","",Characters!K48)

Sheet Autos - Multi
A1: Auto Set | B1: Card # | C1: Card Name | D1: Base | E1: Red # | F1: Inscribed | G1: Inscribed # | H1: Gold /1 | I1: Printing Plate
A2: Autographs Duals | B2: AD-ES | C2: Antony Starr as Homelander/Chace Crawford as The Deep
A3: Autographs Duals | B3: AD-FC | C3: Tomer Capone as Frenchie/Karen Fukuhara as Kimiko | E3: Y 02/10
A4: Autographs Duals | B4: AD-JB | C4: Jessie T. Usher as A-Train/Brittany Allen as Popclaw
A5: Autographs Duals | B5: AD-MM | C5: Erin Moriarty as Starlight/Dominique McElligott as Queen Maeve
A6: Autographs Duals | B6: AD-MQ | C6: Jack Quaid as Highie Campbell/Erin Moriarty as Starlight
A7: Autographs Duals | B7: AD-QH | C7: Jack Quaid as Hughie Campbell/Alex Hassell as Translucent | G7: V 01/10
A8: Autographs Duals | B8: AD-SM | C8: Antony Starr as Homelander/Dominique McElligott as Queen Maeve
A9: Autographs Duals | B9: AD-SS | C9: Antony Starr as Homelander/Elisabeth Shue as Madelyn Stillwell
A10: Autographs Duals | B10: AD-TA | C10: Laz Alonso as Mother's Milk/Tomer Capone as Frenchie | D10: V
A11: Autographs Duals | B11: AD-UQ | C11: Karl Urban as Billy Butcher/Jack Quaid as Hughie Campbell | D11: d
A12: Autographs Duals | B12: AD-VC | C12: Shantel VanSanten as Becca Butcher/Cameron Crovetti as Ryan
A13: Autographs Duals | B13: AD-XX | C13: Antony Starr as Homelander "Homelander"/Karl Urban as Billy Butcher
A14: Autographs Quads | B14: AQ-BOYS | C14: Karl Urban as Billy Butcher/Jack Quaid as Hughie Campbell/Tomer Capone as Frenchie/Laz Alonso as Mother's Milk | D14: d
A15: Autographs Quads | B15: AQ-SEVN | C15: Antony Starr as Homelander/Dominique McElligott as Queen Maeve/Nathan Mitchell as Black Noir/Jessie T. Usher as A-Train (SSP)
A16: Autographs Triples | B16: AT-ESS | C16: Giancarlo Esposito as Stan Edgar/Elisabeth Shue as Madelyn Stillwell/Antony Starr as Homelander
A17: Autographs Triples | B17: AT-MMF | C17: Erin Moriarty as Starlight/Dominique McElligott as Queen Maeve/Karen Fukuhara as Kimiko | D17: d

Sheet Action Figures
A1: Card # | B1: Card Name | C1: Base | D1: Autograph | E1: Autograph Variation
A2: AF-1 | B2: Homelander | C2: V
A3: AF-2 | B3: Hughie Campbell | C3: V
A4: AF-3 | B4: Frenchie | C4: V
A5: AF-4 | B5: Kimiko | C5: V
A6: AF-5 | B6: Popclaw | C6: V
A7: AF-6 | B7: Madelyn Stillwell | C7: V
A8: AF-7 | B8: Starlight | C8: V
A9: AF-8 | B9: Lamplighter | C9: V
A10: AF-9 | B10: Queen Maeve | C10: V
A11: AF-10 | B11: The Deep | C11: V
A12: AF-11 | B12: Black Noir | C12: V
A13: AF-12 | B13: A-Train | C13: V
... A31: AFV-15 | B31: Billy Butcher | C31: C
A32: AF-AH | B32: Alex Hassell as Translucent
A33: AF-AS | B33: Antony Starr as Homelander
A34: AF-BA | B34: Brittany Allen as Popclaw | D34: C
A35: AF-CC | B35: Chace Crawford as The Deep "The Seven"
A36: AF-DM | B36: Dominique McElligott as Queen Maeve
A37: AF-EM | B37: Erin Moriarty as Starlight
A38: AF-ES | B38: Elisabeth Shue as Madelyn Stillwell
A39: AF-JQ | B39: Jack Quaid as Hughie Campbell | D39: V
A40: AF-JT | B40: Jessie T. Usher as A-Train
A41: AF-KF | B41: Karen Fukuhara as Kimiko
A42: AF-LA | B42: Laz Alonso as Mother's Milk
A43: AF-NM | B43: Nathan Mitchell as Black Noir
A44: AF-SA | B44: Shawn Ashmore as Lamplighter | D44: V
A45: AF-TC | B45: Tomer Capone as Frenchie
A46: AFV-AS | B46: Antony Starr as Homelander
A47: AFV-CC | B47: Chace Crawford as The Deep
A48: AFV-DM | B48: Dominique McElligott as Queen Maeve
A49: AFV-TC | B49: Tomer Capone as Frenchie

Sheet Data
A1: Group | B1: Set Name | C1: Card # | D1: Card Name | E1: Parallel/Variant | F1: Print Run | G1: IsPlate | H1: IncludedInChase | I1: Category | J1: PointsWeight | K1: Status | L1: Owned | M1: Incoming | N1: Accounted | O1: Missing | P1: PointsOwned | Q1: PointsIncoming | R1: Inscription Variant | S1: CardKey | T1: EstPopMid | U1: EffPop | V1: CharSeg | W1: CharKey | X1: CharKey_Final | Y1: PopTier | Z1: PopMultiplier | AA1: PointsWeight_Legacy | AB1: PointsOwned_Legacy | AC1: PointsIncoming_Legacy
A2: Base S1 | B2: Base Set - Season 1 | C2: 1 | D2: Maeve Saves | E2: Base | G2: N | H2: Y | I2: Base | J2: =IF($H2<>"Y",0,ROUND(MIN(Dashboard!$R$24,IF(IFERROR(VLOOKUP($B2,Dashboard!$Q$28:$S$60,2,FALSE),0)>0,IFERROR(VLOOKUP($B2,Dashboard!$Q$28:$S$60,2,FALSE),0),$Z2*IF($U2<>"",ROUND((Dashboard!$R$4/$U2)*VLOOKUP($I2,Dashboard!$Q$9:$R$13,2,FALSE)*IF(ISNUMBER(SEARCH("Duals",$B2)),2,IF(ISNUMBER(SEARCH("Triples",$B2)),3,IF(ISNUMBER(SEARCH("Quads",$B2)),4,1))),2),ROUND(VLOOKUP($I2,Dashboard!$Q$15:$R$20,2,FALSE)*IF($E2="Red",Dashboard!$R$6,IF($E2="Gold",Dashboard!$R$7,Dashboard!$R$5))*IF(ISNUMBER(SEARCH("Duals",$B2)),2,IF(ISNUMBER(SEARCH("Triples",$B2)),3,IF(ISNUMBER(SEARCH("Quads",$B2)),4,1))),2))*IF(IFERROR(VLOOKUP($B2,Dashboard!$Q$28:$S$60,3,FALSE),0)>0,VLOOKUP($B2,Dashboard!$Q$28:$S$60,3,FALSE),1))),0)) -> 1 | K2: =IF('Base S1'!C2="","",'Base S1'!C2) -> h | L2: =IF(AND($K2<>"",LEFT($K2,1)<>"Y"),1,0) -> 1 | M2: =IF(LEFT($K2,1)="Y",1,0) -> 0 | N2: =$L2+$M2 -> 1 | O2: =IF($H2="Y",1-$N2,0) -> 0 | P2: =IF($L2=1,$J2,0) -> 1 | Q2: =IF($M2=1,$J2,0) -> 0 | S2: =IF($A2="","",$A2&"|"&$B2&"|"&$C2&"|"&$E2) -> Base S1|Base Set - Season 1|1|Base | T2: =IF($S2="","",IFERROR(VLOOKUP($S2,'Pop Estimates (Non-#d)'!$N$2:$O$500,2,FALSE),"")) | U2: =IF($A2="","",IF($F2<>"",$F2,$T2)) | V2: =IF($A2="","",IF(ISNUMBER(SEARCH(" as ",$D2)),MID($D2,SEARCH(" as ",$D2)+4,255),IF(ISNUMBER(SEARCH("/",$D2)),LEFT($D2,FIND("/",$D2&"/")-1),""))) | W2: =IF($V2="","",TRIM(IFERROR(MID($V2,SEARCH("(", $V2)+1,SEARCH(")",$V2)-SEARCH("(", $V2)-1),$V2))) | X2: =IF($W2="","",TRIM(LEFT($W2&"""",FIND("""",$W2&"""")-1))) | Y2: =IF($X2="","",IFERROR(VLOOKUP($X2,'Char Popularity'!$A$2:$C$500,2,FALSE),"")) | Z2: =IF($X2="",1,IFERROR(VLOOKUP($X2,'Char Popularity'!$A$2:$C$500,3,FALSE),1)) -> 1 | AA2: =IF($H2<>"Y",0,(IF($F2<>"",ROUND(Dashboard!$R$4/$F2,1),IF(AND($I2="Base",$E2="Base"),Dashboard!$R$5,IF(AND($I2="Base",$E2="Red"),Dashboard!$R$6,IF(AND($I2="Base",$E2="Gold"),Dashboard!$R$7,VLOOKUP($I2,Dashboard!$Q$16:$R$21,2,FALSE)))))*VLOOKUP($I2,Dashboard!$Q$9:$R$13,2,FALSE)*IF(AND($I2="Auto",$F2="",OR($B2="Autographs Duals",$B2="Autographs Triples",$B2="Autographs Quads",$B2="Autographs Quads (Inscribed)")),IF($B2="Autographs Duals",2,IF($B2="Autographs Triples",3,4)),1))) -> 1 | AB2: =IF($L2=1,$AA2,0) -> 1 | AC2: =IF($M2=1,$AA2,0) -> 0
A3: Base S1 | B3: Base Set - Season 1 | C3: 2 | D3: Awww, How Cute! | E3: Base | G3: N | H3: Y | I3: Base | J3: =IF($H3<>"Y",0,ROUND(MIN(Dashboard!$R$24,IF(IFERROR(VLOOKUP($B3,Dashboard!$Q$28:$S$60,2,FALSE),0)>0,IFERROR(VLOOKUP($B3,Dashboard!$Q$28:$S$60,2,FALSE),0),$Z3*IF($U3<>"",ROUND((Dashboard!$R$4/$U3)*VLOOKUP($I3,Dashboard!$Q$9:$R$13,2,FALSE)*IF(ISNUMBER(SEARCH("Duals",$B3)),2,IF(ISNUMBER(SEARCH("Triples",$B3)),3,IF(ISNUMBER(SEARCH("Quads",$B3)),4,1))),2),ROUND(VLOOKUP($I3,Dashboard!$Q$15:$R$20,2,FALSE)*IF($E3="Red",Dashboard!$R$6,IF($E3="Gold",Dashboard!$R$7,Dashboard!$R$5))*IF(ISNUMBER(SEARCH("Duals",$B3)),2,IF(ISNUMBER(SEARCH("Triples",$B3)),3,IF(ISNUMBER(SEARCH("Quads",$B3)),4,1))),2))*IF(IFERROR(VLOOKUP($B3,Dashboard!$Q$28:$S$60,3,FALSE),0)>0,VLOOKUP($B3,Dashboard!$Q$28:$S$60,3,FALSE),1))),0)) -> 1 | K3: =IF('Base S1'!C3="","",'Base S1'!C3) -> h | L3: =IF(AND($K3<>"",LEFT($K3,1)<>"Y"),1,0) -> 1 | M3: =IF(LEFT($K3,1)="Y",1,0) -> 0 | N3: =$L3+$M3 -> 1 | O3: =IF($H3="Y",1-$N3,0) -> 0 | P3: =IF($L3=1,$J3,0) -> 1 | Q3: =IF($M3=1,$J3,0) -> 0 | S3: =IF($A3="","",$A3&"|"&$B3&"|"&$C3&"|"&$E3) -> Base S1|Base Set - Season 1|2|Base | T3: =IF($S3="","",IFERROR(VLOOKUP($S3,'Pop Estimates (Non-#d)'!$N$2:$O$500,2,FALSE),"")) | U3: =IF($A3="","",IF($F3<>"",$F3,$T3)) | V3: =IF($A3="","",IF(ISNUMBER(SEARCH(" as ",$D3)),MID($D3,SEARCH(" as ",$D3)+4,255),IF(ISNUMBER(SEARCH("/",$D3)),LEFT($D3,FIND("/",$D3&"/")-1),""))) | W3: =IF($V3="","",TRIM(IFERROR(MID($V3,SEARCH("(", $V3)+1,SEARCH(")",$V3)-SEARCH("(", $V3)-1),$V3))) | X3: =IF($W3="","",TRIM(LEFT($W3&"""",FIND("""",$W3&"""")-1))) | Y3: =IF($X3="","",IFERROR(VLOOKUP($X3,'Char Popularity'!$A$2:$C$500,2,FALSE),"")) | Z3: =IF($X3="",1,IFERROR(VLOOKUP($X3,'Char Popularity'!$A$2:$C$500,3,FALSE),1)) -> 1 | AA3: =IF($H3<>"Y",0,(IF($F3<>"",ROUND(Dashboard!$R$4/$F3,1),IF(AND($I3="Base",$E3="Base"),Dashboard!$R$5,IF(AND($I3="Base",$E3="Red"),Dashboard!$R$6,IF(AND($I3="Base",$E3="Gold"),Dashboard!$R$7,VLOOKUP($I3,Dashboard!$Q$16:$R$21,2,FALSE)))))*VLOOKUP($I3,Dashboard!$Q$9:$R$13,2,FALSE)*IF(AND($I3="Auto",$F3="",OR($B3="Autographs Duals",$B3="Autographs Triples",$B3="Autographs Quads",$B3="Autographs Quads (Inscribed)")),IF($B3="Autographs Duals",2,IF($B3="Autographs Triples",3,4)),1))) -> 1 | AB3: =IF($L3=1,$AA3,0) -> 1 | AC3: =IF($M3=1,$AA3,0) -> 0
A4: Base S1 | B4: Base Set - Season 1 | C4: 3 | D4: Lend Me a Hand? | E4: Base | G4: N | H4: Y | I4: Base | J4: =IF($H4<>"Y",0,ROUND(MIN(Dashboard!$R$24,IF(IFERROR(VLOOKUP($B4,Dashboard!$Q$28:$S$60,2,FALSE),0)>0,IFERROR(VLOOKUP($B4,Dashboard!$Q$28:$S$60,2,FALSE),0),$Z4*IF($U4<>"",ROUND((Dashboard!$R$4/$U4)*VLOOKUP($I4,Dashboard!$Q$9:$R$13,2,FALSE)*IF(ISNUMBER(SEARCH("Duals",$B4)),2,IF(ISNUMBER(SEARCH("Triples",$B4)),3,IF(ISNUMBER(SEARCH("Quads",$B4)),4,1))),2),ROUND(VLOOKUP($I4,Dashboard!$Q$15:$R$20,2,FALSE)*IF($E4="Red",Dashboard!$R$6,IF($E4="Gold",Dashboard!$R$7,Dashboard!$R$5))*IF(ISNUMBER(SEARCH("Duals",$B4)),2,IF(ISNUMBER(SEARCH("Triples",$B4)),3,IF(ISNUMBER(SEARCH("Quads",$B4)),4,1))),2))*IF(IFERROR(VLOOKUP($B4,Dashboard!$Q$28:$S$60,3,FALSE),0)>0,VLOOKUP($B4,Dashboard!$Q$28:$S$60,3,FALSE),1))),0)) -> 1 | K4: =IF('Base S1'!C4="","",'Base S1'!C4) -> h | L4: =IF(AND($K4<>"",LEFT($K4,1)<>"Y"),1,0) -> 1 | M4: =IF(LEFT($K4,1)="Y",1,0) -> 0 | N4: =$L4+$M4 -> 1 | O4: =IF($H4="Y",1-$N4,0) -> 0 | P4: =IF($L4=1,$J4,0) -> 1 | Q4: =IF($M4=1,$J4,0) -> 0 | S4: =IF($A4="","",$A4&"|"&$B4&"|"&$C4&"|"&$E4) -> Base S1|Base Set - Season 1|3|Base | T4: =IF($S4="","",IFERROR(VLOOKUP($S4,'Pop Estimates (Non-#d)'!$N$2:$O$500,2,FALSE),"")) | U4: =IF($A4="","",IF($F4<>"",$F4,$T4)) | V4: =IF($A4="","",IF(ISNUMBER(SEARCH(" as ",$D4)),MID($D4,SEARCH(" as ",$D4)+4,255),IF(ISNUMBER(SEARCH("/",$D4)),LEFT($D4,FIND("/",$D4&"/")-1),""))) | W4: =IF($V4="","",TRIM(IFERROR(MID($V4,SEARCH("(", $V4)+1,SEARCH(")",$V4)-SEARCH("(", $V4)-1),$V4))) | X4: =IF($W4="","",TRIM(LEFT($W4&"""",FIND("""",$W4&"""")-1))) | Y4: =IF($X4="","",IFERROR(VLOOKUP($X4,'Char Popularity'!$A$2:$C$500,2,FALSE),"")) | Z4: =IF($X4="",1,IFERROR(VLOOKUP($X4,'Char Popularity'!$A$2:$C$500,3,FALSE),1)) -> 1 | AA4: =IF($H4<>"Y",0,(IF($F4<>"",ROUND(Dashboard!$R$4/$F4,1),IF(AND($I4="Base",$E4="Base"),Dashboard!$R$5,IF(AND($I4="Base",$E4="Red"),Dashboard!$R$6,IF(AND($I4="Base",$E4="Gold"),Dashboard!$R$7,VLOOKUP($I4,Dashboard!$Q$16:$R$21,2,FALSE)))))*VLOOKUP($I4,Dashboard!$Q$9:$R$13,2,FALSE)*IF(AND($I4="Auto",$F4="",OR($B4="Autographs Duals",$B4="Autographs Triples",$B4="Autographs Quads",$B4="Autographs Quads (Inscribed)")),IF($B4="Autographs Duals",2,IF($B4="Autographs Triples",3,4)),1))) -> 1 | AB4: =IF($L4=1,$AA4,0) -> 1 | AC4: =IF($M4=1,$AA4,0) -> 0
A5: Base S1 | B5: Base Set - Season 1 | C5: 4 | D5: New York, New York | E5: Base | G5: N | H5: Y | I5: Base | J5: =IF($H5<>"Y",0,ROUND(MIN(Dashboard!$R$24,IF(IFERROR(VLOOKUP($B5,Dashboard!$Q$28:$S$60,2,FALSE),0)>0,IFERROR(VLOOKUP($B5,Dashboard!$Q$28:$S$60,2,FALSE),0),$Z5*IF($U5<>"",ROUND((Dashboard!$R$4/$U5)*VLOOKUP($I5,Dashboard!$Q$9:$R$13,2,FALSE)*IF(ISNUMBER(SEARCH("Duals",$B5)),2,IF(ISNUMBER(SEARCH("Triples",$B5)),3,IF(ISNUMBER(SEARCH("Quads",$B5)),4,1))),2),ROUND(VLOOKUP($I5,Dashboard!$Q$15:$R$20,2,FALSE)*IF($E5="Red",Dashboard!$R$6,IF($E5="Gold",Dashboard!$R$7,Dashboard!$R$5))*IF(ISNUMBER(SEARCH("Duals",$B5)),2,IF(ISNUMBER(SEARCH("Triples",$B5)),3,IF(ISNUMBER(SEARCH("Quads",$B5)),4,1))),2))*IF(IFERROR(VLOOKUP($B5,Dashboard!$Q$28:$S$60,3,FALSE),0)>0,VLOOKUP($B5,Dashboard!$Q$28:$S$60,3,FALSE),1))),0)) -> 1 | K5: =IF('Base S1'!C5="","",'Base S1'!C5) -> h | L5: =IF(AND($K5<>"",LEFT($K5,1)<>"Y"),1,0) -> 1 | M5: =IF(LEFT($K5,1)="Y",1,0) -> 0 | N5: =$L5+$M5 -> 1 | O5: =IF($H5="Y",1-$N5,0) -> 0 | P5: =IF($L5=1,$J5,0) -> 1 | Q5: =IF($M5=1,$J5,0) -> 0 | S5: =IF($A5="","",$A5&"|"&$B5&"|"&$C5&"|"&$E5) -> Base S1|Base Set - Season 1|4|Base | T5: =IF($S5="","",IFERROR(VLOOKUP($S5,'Pop Estimates (Non-#d)'!$N$2:$O$500,2,FALSE),"")) | U5: =IF($A5="","",IF($F5<>"",$F5,$T5)) | V5: =IF($A5="","",IF(ISNUMBER(SEARCH(" as ",$D5)),MID($D5,SEARCH(" as ",$D5)+4,255),IF(ISNUMBER(SEARCH("/",$D5)),LEFT($D5,FIND("/",$D5&"/")-1),""))) | W5: =IF($V5="","",TRIM(IFERROR(MID($V5,SEARCH("(", $V5)+1,SEARCH(")",$V5)-SEARCH("(", $V5)-1),$V5))) | X5: =IF($W5="","",TRIM(LEFT($W5&"""",FIND("""",$W5&"""")-1))) | Y5: =IF($X5="","",IFERROR(VLOOKUP($X5,'Char Popularity'!$A$2:$C$500,2,FALSE),"")) | Z5: =IF($X5="",1,IFERROR(VLOOKUP($X5,'Char Popularity'!$A$2:$C$500,3,FALSE),1)) -> 1 | AA5: =IF($H5<>"Y",0,(IF($F5<>"",ROUND(Dashboard!$R$4/$F5,1),IF(AND($I5="Base",$E5="Base"),Dashboard!$R$5,IF(AND($I5="Base",$E5="Red"),Dashboard!$R$6,IF(AND($I5="Base",$E5="Gold"),Dashboard!$R$7,VLOOKUP($I5,Dashboard!$Q$16:$R$21,2,FALSE)))))*VLOOKUP($I5,Dashboard!$Q$9:$R$13,2,FALSE)*IF(AND($I5="Auto",$F5="",OR($B5="Autographs Duals",$B5="Autographs Triples",$B5="Autographs Quads",$B5="Autographs Quads (Inscribed)")),IF($B5="Autographs Duals",2,IF($B5="Autographs Triples",3,4)),1))) -> 1 | AB5: =IF($L5=1,$AA5,0) -> 1 | AC5: =IF($M5=1,$AA5,0) -> 0
A6: Base S1 | B6: Base Set - Season 1 | C6: 5 | D6: You're on in Five! | E6: Base | G6: N | H6: Y | I6: Base | J6: =IF($H6<>"Y",0,ROUND(MIN(Dashboard!$R$24,IF(IFERROR(VLOOKUP($B6,Dashboard!$Q$28:$S$60,2,FALSE),0)>0,IFERROR(VLOOKUP($B6,Dashboard!$Q$28:$S$60,2,FALSE),0),$Z6*IF($U6<>"",ROUND((Dashboard!$R$4/$U6)*VLOOKUP($I6,Dashboard!$Q$9:$R$13,2,FALSE)*IF(ISNUMBER(SEARCH("Duals",$B6)),2,IF(ISNUMBER(SEARCH("Triples",$B6)),3,IF(ISNUMBER(SEARCH("Quads",$B6)),4,1))),2),ROUND(VLOOKUP($I6,Dashboard!$Q$15:$R$20,2,FALSE)*IF($E6="Red",Dashboard!$R$6,IF($E6="Gold",Dashboard!$R$7,Dashboard!$R$5))*IF(ISNUMBER(SEARCH("Duals",$B6)),2,IF(ISNUMBER(SEARCH("Triples",$B6)),3,IF(ISNUMBER(SEARCH("Quads",$B6)),4,1))),2))*IF(IFERROR(VLOOKUP($B6,Dashboard!$Q$28:$S$60,3,FALSE),0)>0,VLOOKUP($B6,Dashboard!$Q$28:$S$60,3,FALSE),1))),0)) -> 1 | K6: =IF('Base S1'!C6="","",'Base S1'!C6) -> h | L6: =IF(AND($K6<>"",LEFT($K6,1)<>"Y"),1,0) -> 1 | M6: =IF(LEFT($K6,1)="Y",1,0) -> 0 | N6: =$L6+$M6 -> 1 | O6: =IF($H6="Y",1-$N6,0) -> 0 | P6: =IF($L6=1,$J6,0) -> 1 | Q6: =IF($M6=1,$J6,0) -> 0 | S6: =IF($A6="","",$A6&"|"&$B6&"|"&$C6&"|"&$E6) -> Base S1|Base Set - Season 1|5|Base | T6: =IF($S6="","",IFERROR(VLOOKUP($S6,'Pop Estimates (Non-#d)'!$N$2:$O$500,2,FALSE),"")) | U6: =IF($A6="","",IF($F6<>"",$F6,$T6)) | V6: =IF($A6="","",IF(ISNUMBER(SEARCH(" as ",$D6)),MID($D6,SEARCH(" as ",$D6)+4,255),IF(ISNUMBER(SEARCH("/",$D6)),LEFT($D6,FIND("/",$D6&"/")-1),""))) | W6: =IF($V6="","",TRIM(IFERROR(MID($V6,SEARCH("(", $V6)+1,SEARCH(")",$V6)-SEARCH("(", $V6)-1),$V6))) | X6: =IF($W6="","",TRIM(LEFT($W6&"""",FIND("""",$W6&"""")-1))) | Y6: =IF($X6="","",IFERROR(VLOOKUP($X6,'Char Popularity'!$A$2:$C$500,2,FALSE),"")) | Z6: =IF($X6="",1,IFERROR(VLOOKUP($X6,'Char Popularity'!$A$2:$C$500,3,FALSE),1)) -> 1 | AA6: =IF($H6<>"Y",0,(IF($F6<>"",ROUND(Dashboard!$R$4/$F6,1),IF(AND($I6="Base",$E6="Base"),Dashboard!$R$5,IF(AND($I6="Base",$E6="Red"),Dashboard!$R$6,IF(AND($I6="Base",$E6="Gold"),Dashboard!$R$7,VLOOKUP($I6,Dashboard!$Q$16:$R$21,2,FALSE)))))*VLOOKUP($I6,Dashboard!$Q$9:$R$13,2,FALSE)*IF(AND($I6="Auto",$F6="",OR($B6="Autographs Duals",$B6="Autographs Triples",$B6="Autographs Quads",$B6="Autographs Quads (Inscribed)")),IF($B6="Autographs Duals",2,IF($B6="Autographs Triples",3,4)),1))) -> 1 | AB6: =IF($L6=1,$AA6,0) -> 1 | AC6: =IF($M6=1,$AA6,0) -> 0
A7: Base S1 | B7: Base Set - Season 1 | C7: 6 | D7: Get Them That Got Your Girl | E7: Base | G7: N | H7: Y | I7: Base | J7: =IF($H7<>"Y",0,ROUND(MIN(Dashboard!$R$24,IF(IFERROR(VLOOKUP($B7,Dashboard!$Q$28:$S$60,2,FALSE),0)>0,IFERROR(VLOOKUP($B7,Dashboard!$Q$28:$S$60,2,FALSE),0),$Z7*IF($U7<>"",ROUND((Dashboard!$R$4/$U7)*VLOOKUP($I7,Dashboard!$Q$9:$R$13,2,FALSE)*IF(ISNUMBER(SEARCH("Duals",$B7)),2,IF(ISNUMBER(SEARCH("Triples",$B7)),3,IF(ISNUMBER(SEARCH("Quads",$B7)),4,1))),2),ROUND(VLOOKUP($I7,Dashboard!$Q$15:$R$20,2,FALSE)*IF($E7="Red",Dashboard!$R$6,IF($E7="Gold",Dashboard!$R$7,Dashboard!$R$5))*IF(ISNUMBER(SEARCH("Duals",$B7)),2,IF(ISNUMBER(SEARCH("Triples",$B7)),3,IF(ISNUMBER(SEARCH("Quads",$B7)),4,1))),2))*IF(IFERROR(VLOOKUP($B7,Dashboard!$Q$28:$S$60,3,FALSE),0)>0,VLOOKUP($B7,Dashboard!$Q$28:$S$60,3,FALSE),1))),0)) -> 1 | K7: =IF('Base S1'!C7="","",'Base S1'!C7) -> h | L7: =IF(AND($K7<>"",LEFT($K7,1)<>"Y"),1,0) -> 1 | M7: =IF(LEFT($K7,1)="Y",1,0) -> 0 | N7: =$L7+$M7 -> 1 | O7: =IF($H7="Y",1-$N7,0) -> 0 | P7: =IF($L7=1,$J7,0) -> 1 | Q7: =IF($M7=1,$J7,0) -> 0 | S7: =IF($A7="","",$A7&"|"&$B7&"|"&$C7&"|"&$E7) -> Base S1|Base Set - Season 1|6|Base | T7: =IF($S7="","",IFERROR(VLOOKUP($S7,'Pop Estimates (Non-#d)'!$N$2:$O$500,2,FALSE),"")) | U7: =IF($A7="","",IF($F7<>"",$F7,$T7)) | V7: =IF($A7="","",IF(ISNUMBER(SEARCH(" as ",$D7)),MID($D7,SEARCH(" as ",$D7)+4,255),IF(ISNUMBER(SEARCH("/",$D7)),LEFT($D7,FIND("/",$D7&"/")-1),""))) | W7: =IF($V7="","",TRIM(IFERROR(MID($V7,SEARCH("(", $V7)+1,SEARCH(")",$V7)-SEARCH("(", $V7)-1),$V7))) | X7: =IF($W7="","",TRIM(LEFT($W7&"""",FIND("""",$W7&"""")-1))) | Y7: =IF($X7="","",IFERROR(VLOOKUP($X7,'Char Popularity'!$A$2:$C$500,2,FALSE),"")) | Z7: =IF($X7="",1,IFERROR(VLOOKUP($X7,'Char Popularity'!$A$2:$C$500,3,FALSE),1)) -> 1 | AA7: =IF($H7<>"Y",0,(IF($F7<>"",ROUND(Dashboard!$R$4/$F7,1),IF(AND($I7="Base",$E7="Base"),Dashboard!$R$5,IF(AND($I7="Base",$E7="Red"),Dashboard!$R$6,IF(AND($I7="Base",$E7="Gold"),Dashboard!$R$7,VLOOKUP($I7,Dashboard!$Q$16:$R$21,2,FALSE)))))*VLOOKUP($I7,Dashboard!$Q$9:$R$13,2,FALSE)*IF(AND($I7="Auto",$F7="",OR($B7="Autographs Duals",$B7="Autographs Triples",$B7="Autographs Quads",$B7="Autographs Quads (Inscribed)")),IF($B7="Autographs Duals",2,IF($B7="Autographs Triples",3,4)),1))) -> 1 | AB7: =IF($L7=1,$AA7,0) -> 1 | AC7: =IF($M7=1,$AA7,0) -> 0
A8: Base S1 | B8: Base Set - Season 1 | C8: 7 | D8: For Supes' Eyes Only | E8: Base | G8: N | H8: Y | I8: Base | J8: =IF($H8<>"Y",0,ROUND(MIN(Dashboard!$R$24,IF(IFERROR(VLOOKUP($B8,Dashboard!$Q$28:$S$60,2,FALSE),0)>0,IFERROR(VLOOKUP($B8,Dashboard!$Q$28:$S$60,2,FALSE),0),$Z8*IF($U8<>"",ROUND((Dashboard!$R$4/$U8)*VLOOKUP($I8,Dashboard!$Q$9:$R$13,2,FALSE)*IF(ISNUMBER(SEARCH("Duals",$B8)),2,IF(ISNUMBER(SEARCH("Triples",$B8)),3,IF(ISNUMBER(SEARCH("Quads",$B8)),4,1))),2),ROUND(VLOOKUP($I8,Dashboard!$Q$15:$R$20,2,FALSE)*IF($E8="Red",Dashboard!$R$6,IF($E8="Gold",Dashboard!$R$7,Dashboard!$R$5))*IF(ISNUMBER(SEARCH("Duals",$B8)),2,IF(ISNUMBER(SEARCH("Triples",$B8)),3,IF(ISNUMBER(SEARCH("Quads",$B8)),4,1))),2))*IF(IFERROR(VLOOKUP($B8,Dashboard!$Q$28:$S$60,3,FALSE),0)>0,VLOOKUP($B8,Dashboard!$Q$28:$S$60,3,FALSE),1))),0)) -> 1 | K8: =IF('Base S1'!C8="","",'Base S1'!C8) -> h | L8: =IF(AND($K8<>"",LEFT($K8,1)<>"Y"),1,0) -> 1 | M8: =IF(LEFT($K8,1)="Y",1,0) -> 0 | N8: =$L8+$M8 -> 1 | O8: =IF($H8="Y",1-$N8,0) -> 0 | P8: =IF($L8=1,$J8,0) -> 1 | Q8: =IF($M8=1,$J8,0) -> 0 | S8: =IF($A8="","",$A8&"|"&$B8&"|"&$C8&"|"&$E8) -> Base S1|Base Set - Season 1|7|Base | T8: =IF($S8="","",IFERROR(VLOOKUP($S8,'Pop Estimates (Non-#d)'!$N$2:$O$500,2,FALSE),"")) | U8: =IF($A8="","",IF($F8<>"",$F8,$T8)) | V8: =IF($A8="","",IF(ISNUMBER(SEARCH(" as ",$D8)),MID($D8,SEARCH(" as ",$D8)+4,255),IF(ISNUMBER(SEARCH("/",$D8)),LEFT($D8,FIND("/",$D8&"/")-1),""))) | W8: =IF($V8="","",TRIM(IFERROR(MID($V8,SEARCH("(", $V8)+1,SEARCH(")",$V8)-SEARCH("(", $V8)-1),$V8))) | X8: =IF($W8="","",TRIM(LEFT($W8&"""",FIND("""",$W8&"""")-1))) | Y8: =IF($X8="","",IFERROR(VLOOKUP($X8,'Char Popularity'!$A$2:$C$500,2,FALSE),"")) | Z8: =IF($X8="",1,IFERROR(VLOOKUP($X8,'Char Popularity'!$A$2:$C$500,3,FALSE),1)) -> 1 | AA8: =IF($H8<>"Y",0,(IF($F8<>"",ROUND(Dashboard!$R$4/$F8,1),IF(AND($I8="Base",$E8="Base"),Dashboard!$R$5,IF(AND($I8="Base",$E8="Red"),Dashboard!$R$6,IF(AND($I8="Base",$E8="Gold"),Dashboard!$R$7,VLOOKUP($I8,Dashboard!$Q$16:$R$21,2,FALSE)))))*VLOOKUP($I8,Dashboard!$Q$9:$R$13,2,FALSE)*IF(AND($I8="Auto",$F8="",OR($B8="Autographs Duals",$B8="Autographs Triples",$B8="Autographs Quads",$B8="Autographs Quads (Inscribed)")),IF($B8="Autographs Duals",2,IF($B8="Autographs Triples",3,4)),1))) -> 1 | AB8: =IF($L8=1,$AA8,0) -> 1 | AC8: =IF($M8=1,$AA8,0) -> 0
A9: Base S1 | B9: Base Set - Season 1 | C9: 8 | D9: Watch and Learn | E9: Base | G9: N | H9: Y | I9: Base | J9: =IF($H9<>"Y",0,ROUND(MIN(Dashboard!$R$24,IF(IFERROR(VLOOKUP($B9,Dashboard!$Q$28:$S$60,2,FALSE),0)>0,IFERROR(VLOOKUP($B9,Dashboard!$Q$28:$S$60,2,FALSE),0),$Z9*IF($U9<>"",ROUND((Dashboard!$R$4/$U9)*VLOOKUP($I9,Dashboard!$Q$9:$R$13,2,FALSE)*IF(ISNUMBER(SEARCH("Duals",$B9)),2,IF(ISNUMBER(SEARCH("Triples",$B9)),3,IF(ISNUMBER(SEARCH("Quads",$B9)),4,1))),2),ROUND(VLOOKUP($I9,Dashboard!$Q$15:$R$20,2,FALSE)*IF($E9="Red",Dashboard!$R$6,IF($E9="Gold",Dashboard!$R$7,Dashboard!$R$5))*IF(ISNUMBER(SEARCH("Duals",$B9)),2,IF(ISNUMBER(SEARCH("Triples",$B9)),3,IF(ISNUMBER(SEARCH("Quads",$B9)),4,1))),2))*IF(IFERROR(VLOOKUP($B9,Dashboard!$Q$28:$S$60,3,FALSE),0)>0,VLOOKUP($B9,Dashboard!$Q$28:$S$60,3,FALSE),1))),0)) -> 1 | K9: =IF('Base S1'!C9="","",'Base S1'!C9) -> h | L9: =IF(AND($K9<>"",LEFT($K9,1)<>"Y"),1,0) -> 1 | M9: =IF(LEFT($K9,1)="Y",1,0) -> 0 | N9: =$L9+$M9 -> 1 | O9: =IF($H9="Y",1-$N9,0) -> 0 | P9: =IF($L9=1,$J9,0) -> 1 | Q9: =IF($M9=1,$J9,0) -> 0 | S9: =IF($A9="","",$A9&"|"&$B9&"|"&$C9&"|"&$E9) -> Base S1|Base Set - Season 1|8|Base | T9: =IF($S9="","",IFERROR(VLOOKUP($S9,'Pop Estimates (Non-#d)'!$N$2:$O$500,2,FALSE),"")) | U9: =IF($A9="","",IF($F9<>"",$F9,$T9)) | V9: =IF($A9="","",IF(ISNUMBER(SEARCH(" as ",$D9)),MID($D9,SEARCH(" as ",$D9)+4,255),IF(ISNUMBER(SEARCH("/",$D9)),LEFT($D9,FIND("/",$D9&"/")-1),""))) | W9: =IF($V9="","",TRIM(IFERROR(MID($V9,SEARCH("(", $V9)+1,SEARCH(")",$V9)-SEARCH("(", $V9)-1),$V9))) | X9: =IF($W9="","",TRIM(LEFT($W9&"""",FIND("""",$W9&"""")-1))) | Y9: =IF($X9="","",IFERROR(VLOOKUP($X9,'Char Popularity'!$A$2:$C$500,2,FALSE),"")) | Z9: =IF($X9="",1,IFERROR(VLOOKUP($X9,'Char Popularity'!$A$2:$C$500,3,FALSE),1)) -> 1 | AA9: =IF($H9<>"Y",0,(IF($F9<>"",ROUND(Dashboard!$R$4/$F9,1),IF(AND($I9="Base",$E9="Base"),Dashboard!$R$5,IF(AND($I9="Base",$E9="Red"),Dashboard!$R$6,IF(AND($I9="Base",$E9="Gold"),Dashboard!$R$7,VLOOKUP($I9,Dashboard!$Q$16:$R$21,2,FALSE)))))*VLOOKUP($I9,Dashboard!$Q$9:$R$13,2,FALSE)*IF(AND($I9="Auto",$F9="",OR($B9="Autographs Duals",$B9="Autographs Triples",$B9="Autographs Quads",$B9="Autographs Quads (Inscribed)")),IF($B9="Autographs Duals",2,IF($B9="Autographs Triples",3,4)),1))) -> 1 | AB9: =IF($L9=1,$AA9,0) -> 1 | AC9: =IF($M9=1,$AA9,0) -> 0
A10: Base S1 | B10: Base Set - Season 1 | C10: 9 | D10: Meet Cute | E10: Base | G10: N | H10: Y | I10: Base | J10: =IF($H10<>"Y",0,ROUND(MIN(Dashboard!$R$24,IF(IFERROR(VLOOKUP($B10,Dashboard!$Q$28:$S$60,2,FALSE),0)>0,IFERROR(VLOOKUP($B10,Dashboard!$Q$28:$S$60,2,FALSE),0),$Z10*IF($U10<>"",ROUND((Dashboard!$R$4/$U10)*VLOOKUP($I10,Dashboard!$Q$9:$R$13,2,FALSE)*IF(ISNUMBER(SEARCH("Duals",$B10)),2,IF(ISNUMBER(SEARCH("Triples",$B10)),3,IF(ISNUMBER(SEARCH("Quads",$B10)),4,1))),2),ROUND(VLOOKUP($I10,Dashboard!$Q$15:$R$20,2,FALSE)*IF($E10="Red",Dashboard!$R$6,IF($E10="Gold",Dashboard!$R$7,Dashboard!$R$5))*IF(ISNUMBER(SEARCH("Duals",$B10)),2,IF(ISNUMBER(SEARCH("Triples",$B10)),3,IF(ISNUMBER(SEARCH("Quads",$B10)),4,1))),2))*IF(IFERROR(VLOOKUP($B10,Dashboard!$Q$28:$S$60,3,FALSE),0)>0,VLOOKUP($B10,Dashboard!$Q$28:$S$60,3,FALSE),1))),0)) -> 1 | K10: =IF('Base S1'!C10="","",'Base S1'!C10) -> h | L10: =IF(AND($K10<>"",LEFT($K10,1)<>"Y"),1,0) -> 1 | M10: =IF(LEFT($K10,1)="Y",1,0) -> 0 | N10: =$L10+$M10 -> 1 | O10: =IF($H10="Y",1-$N10,0) -> 0 | P10: =IF($L10=1,$J10,0) -> 1 | Q10: =IF($M10=1,$J10,0) -> 0 | S10: =IF($A10="","",$A10&"|"&$B10&"|"&$C10&"|"&$E10) -> Base S1|Base Set - Season 1|9|Base | T10: =IF($S10="","",IFERROR(VLOOKUP($S10,'Pop Estimates (Non-#d)'!$N$2:$O$500,2,FALSE),"")) | U10: =IF($A10="","",IF($F10<>"",$F10,$T10)) | V10: =IF($A10="","",IF(ISNUMBER(SEARCH(" as ",$D10)),MID($D10,SEARCH(" as ",$D10)+4,255),IF(ISNUMBER(SEARCH("/",$D10)),LEFT($D10,FIND("/",$D10&"/")-1),""))) | W10: =IF($V10="","",TRIM(IFERROR(MID($V10,SEARCH("(", $V10)+1,SEARCH(")",$V10)-SEARCH("(", $V10)-1),$V10))) | X10: =IF($W10="","",TRIM(LEFT($W10&"""",FIND("""",$W10&"""")-1))) | Y10: =IF($X10="","",IFERROR(VLOOKUP($X10,'Char Popularity'!$A$2:$C$500,2,FALSE),"")) | Z10: =IF($X10="",1,IFERROR(VLOOKUP($X10,'Char Popularity'!$A$2:$C$500,3,FALSE),1)) -> 1 | AA10: =IF($H10<>"Y",0,(IF($F10<>"",ROUND(Dashboard!$R$4/$F10,1),IF(AND($I10="Base",$E10="Base"),Dashboard!$R$5,IF(AND($I10="Base",$E10="Red"),Dashboard!$R$6,IF(AND($I10="Base",$E10="Gold"),Dashboard!$R$7,VLOOKUP($I10,Dashboard!$Q$16:$R$21,2,FALSE)))))*VLOOKUP($I10,Dashboard!$Q$9:$R$13,2,FALSE)*IF(AND($I10="Auto",$F10="",OR($B10="Autographs Duals",$B10="Autographs Triples",$B10="Autographs Quads",$B10="Autographs Quads (Inscribed)")),IF($B10="Autographs Duals",2,IF($B10="Autographs Triples",3,4)),1))) -> 1 | AB10: =IF($L10=1,$AA10,0) -> 1 | AC10: =IF($M10=1,$AA10,0) -> 0
A11: Base S1 | B11: Base Set - Season 1 | C11: 10 | D11: Not Admitting Fault | E11: Base | G11: N | H11: Y | I11: Base | J11: =IF($H11<>"Y",0,ROUND(MIN(Dashboard!$R$24,IF(IFERROR(VLOOKUP($B11,Dashboard!$Q$28:$S$60,2,FALSE),0)>0,IFERROR(VLOOKUP($B11,Dashboard!$Q$28:$S$60,2,FALSE),0),$Z11*IF($U11<>"",ROUND((Dashboard!$R$4/$U11)*VLOOKUP($I11,Dashboard!$Q$9:$R$13,2,FALSE)*IF(ISNUMBER(SEARCH("Duals",$B11)),2,IF(ISNUMBER(SEARCH("Triples",$B11)),3,IF(ISNUMBER(SEARCH("Quads",$B11)),4,1))),2),ROUND(VLOOKUP($I11,Dashboard!$Q$15:$R$20,2,FALSE)*IF($E11="Red",Dashboard!$R$6,IF($E11="Gold",Dashboard!$R$7,Dashboard!$R$5))*IF(ISNUMBER(SEARCH("Duals",$B11)),2,IF(ISNUMBER(SEARCH("Triples",$B11)),3,IF(ISNUMBER(SEARCH("Quads",$B11)),4,1))),2))*IF(IFERROR(VLOOKUP($B11,Dashboard!$Q$28:$S$60,3,FALSE),0)>0,VLOOKUP($B11,Dashboard!$Q$28:$S$60,3,FALSE),1))),0)) -> 1 | K11: =IF('Base S1'!C11="","",'Base S1'!C11) -> h | L11: =IF(AND($K11<>"",LEFT($K11,1)<>"Y"),1,0) -> 1 | M11: =IF(LEFT($K11,1)="Y",1,0) -> 0 | N11: =$L11+$M11 -> 1 | O11: =IF($H11="Y",1-$N11,0) -> 0 | P11: =IF($L11=1,$J11,0) -> 1 | Q11: =IF($M11=1,$J11,0) -> 0 | S11: =IF($A11="","",$A11&"|"&$B11&"|"&$C11&"|"&$E11) -> Base S1|Base Set - Season 1|10|Base | T11: =IF($S11="","",IFERROR(VLOOKUP($S11,'Pop Estimates (Non-#d)'!$N$2:$O$500,2,FALSE),"")) | U11: =IF($A11="","",IF($F11<>"",$F11,$T11)) | V11: =IF($A11="","",IF(ISNUMBER(SEARCH(" as ",$D11)),MID($D11,SEARCH(" as ",$D11)+4,255),IF(ISNUMBER(SEARCH("/",$D11)),LEFT($D11,FIND("/",$D11&"/")-1),""))) | W11: =IF($V11="","",TRIM(IFERROR(MID($V11,SEARCH("(", $V11)+1,SEARCH(")",$V11)-SEARCH("(", $V11)-1),$V11))) | X11: =IF($W11="","",TRIM(LEFT($W11&"""",FIND("""",$W11&"""")-1))) | Y11: =IF($X11="","",IFERROR(VLOOKUP($X11,'Char Popularity'!$A$2:$C$500,2,FALSE),"")) | Z11: =IF($X11="",1,IFERROR(VLOOKUP($X11,'Char Popularity'!$A$2:$C$500,3,FALSE),1)) -> 1 | AA11: =IF($H11<>"Y",0,(IF($F11<>"",ROUND(Dashboard!$R$4/$F11,1),IF(AND($I11="Base",$E11="Base"),Dashboard!$R$5,IF(AND($I11="Base",$E11="Red"),Dashboard!$R$6,IF(AND($I11="Base",$E11="Gold"),Dashboard!$R$7,VLOOKUP($I11,Dashboard!$Q$16:$R$21,2,FALSE)))))*VLOOKUP($I11,Dashboard!$Q$9:$R$13,2,FALSE)*IF(AND($I11="Auto",$F11="",OR($B11="Autographs Duals",$B11="Autographs Triples",$B11="Autographs Quads",$B11="Autographs Quads (Inscribed)")),IF($B11="Autographs Duals",2,IF($B11="Autographs Triples",3,4)),1))) -> 1 | AB11: =IF($L11=1,$AA11,0) -> 1 | AC11: =IF($M11=1,$AA11,0) -> 0
A12: Base S1 | B12: Base Set - Season 1 | C12: 11 | D12: Now You See Me | E12: Base | G12: N | H12: Y | I12: Base | J12: =IF($H12<>"Y",0,ROUND(MIN(Dashboard!$R$24,IF(IFERROR(VLOOKUP($B12,Dashboard!$Q$28:$S$60,2,FALSE),0)>0,IFERROR(VLOOKUP($B12,Dashboard!$Q$28:$S$60,2,FALSE),0),$Z12*IF($U12<>"",ROUND((Dashboard!$R$4/$U12)*VLOOKUP($I12,Dashboard!$Q$9:$R$13,2,FALSE)*IF(ISNUMBER(SEARCH("Duals",$B12)),2,IF(ISNUMBER(SEARCH("Triples",$B12)),3,IF(ISNUMBER(SEARCH("Quads",$B12)),4,1))),2),ROUND(VLOOKUP($I12,Dashboard!$Q$15:$R$20,2,FALSE)*IF($E12="Red",Dashboard!$R$6,IF($E12="Gold",Dashboard!$R$7,Dashboard!$R$5))*IF(ISNUMBER(SEARCH("Duals",$B12)),2,IF(ISNUMBER(SEARCH("Triples",$B12)),3,IF(ISNUMBER(SEARCH("Quads",$B12)),4,1))),2))*IF(IFERROR(VLOOKUP($B12,Dashboard!$Q$28:$S$60,3,FALSE),0)>0,VLOOKUP($B12,Dashboard!$Q$28:$S$60,3,FALSE),1))),0)) -> 1 | K12: =IF('Base S1'!C12="","",'Base S1'!C12) -> h | L12: =IF(AND($K12<>"",LEFT($K12,1)<>"Y"),1,0) -> 1 | M12: =IF(LEFT($K12,1)="Y",1,0) -> 0 | N12: =$L12+$M12 -> 1 | O12: =IF($H12="Y",1-$N12,0) -> 0 | P12: =IF($L12=1,$J12,0) -> 1 | Q12: =IF($M12=1,$J12,0) -> 0 | S12: =IF($A12="","",$A12&"|"&$B12&"|"&$C12&"|"&$E12) -> Base S1|Base Set - Season 1|11|Base | T12: =IF($S12="","",IFERROR(VLOOKUP($S12,'Pop Estimates (Non-#d)'!$N$2:$O$500,2,FALSE),"")) | U12: =IF($A12="","",IF($F12<>"",$F12,$T12)) | V12: =IF($A12="","",IF(ISNUMBER(SEARCH(" as ",$D12)),MID($D12,SEARCH(" as ",$D12)+4,255),IF(ISNUMBER(SEARCH("/",$D12)),LEFT($D12,FIND("/",$D12&"/")-1),""))) | W12: =IF($V12="","",TRIM(IFERROR(MID($V12,SEARCH("(", $V12)+1,SEARCH(")",$V12)-SEARCH("(", $V12)-1),$V12))) | X12: =IF($W12="","",TRIM(LEFT($W12&"""",FIND("""",$W12&"""")-1))) | Y12: =IF($X12="","",IFERROR(VLOOKUP($X12,'Char Popularity'!$A$2:$C$500,2,FALSE),"")) | Z12: =IF($X12="",1,IFERROR(VLOOKUP($X12,'Char Popularity'!$A$2:$C$500,3,FALSE),1)) -> 1 | AA12: =IF($H12<>"Y",0,(IF($F12<>"",ROUND(Dashboard!$R$4/$F12,1),IF(AND($I12="Base",$E12="Base"),Dashboard!$R$5,IF(AND($I12="Base",$E12="Red"),Dashboard!$R$6,IF(AND($I12="Base",$E12="Gold"),Dashboard!$R$7,VLOOKUP($I12,Dashboard!$Q$16:$R$21,2,FALSE)))))*VLOOKUP($I12,Dashboard!$Q$9:$R$13,2,FALSE)*IF(AND($I12="Auto",$F12="",OR($B12="Autographs Duals",$B12="Autographs Triples",$B12="Autographs Quads",$B12="Autographs Quads (Inscribed)")),IF($B12="Autographs Duals",2,IF($B12="Autographs Triples",3,4)),1))) -> 1 | AB12: =IF($L12=1,$AA12,0) -> 1 | AC12: =IF($M12=1,$AA12,0) -> 0
A13: Base S1 | B13: Base Set - Season 1 | C13: 12 | D13: Hughie's O Face | E13: Base | G13: N | H13: Y | I13: Base | J13: =IF($H13<>"Y",0,ROUND(MIN(Dashboard!$R$24,IF(IFERROR(VLOOKUP($B13,Dashboard!$Q$28:$S$60,2,FALSE),0)>0,IFERROR(VLOOKUP($B13,Dashboard!$Q$28:$S$60,2,FALSE),0),$Z13*IF($U13<>"",ROUND((Dashboard!$R$4/$U13)*VLOOKUP($I13,Dashboard!$Q$9:$R$13,2,FALSE)*IF(ISNUMBER(SEARCH("Duals",$B13)),2,IF(ISNUMBER(SEARCH("Triples",$B13)),3,IF(ISNUMBER(SEARCH("Quads",$B13)),4,1))),2),ROUND(VLOOKUP($I13,Dashboard!$Q$15:$R$20,2,FALSE)*IF($E13="Red",Dashboard!$R$6,IF($E13="Gold",Dashboard!$R$7,Dashboard!$R$5))*IF(ISNUMBER(SEARCH("Duals",$B13)),2,IF(ISNUMBER(SEARCH("Triples",$B13)),3,IF(ISNUMBER(SEARCH("Quads",$B13)),4,1))),2))*IF(IFERROR(VLOOKUP($B13,Dashboard!$Q$28:$S$60,3,FALSE),0)>0,VLOOKUP($B13,Dashboard!$Q$28:$S$60,3,FALSE),1))),0)) -> 1 | K13: =IF('Base S1'!C13="","",'Base S1'!C13) -> h | L13: =IF(AND($K13<>"",LEFT($K13,1)<>"Y"),1,0) -> 1 | M13: =IF(LEFT($K13,1)="Y",1,0) -> 0 | N13: =$L13+$M13 -> 1 | O13: =IF($H13="Y",1-$N13,0) -> 0 | P13: =IF($L13=1,$J13,0) -> 1 | Q13: =IF($M13=1,$J13,0) -> 0 | S13: =IF($A13="","",$A13&"|"&$B13&"|"&$C13&"|"&$E13) -> Base S1|Base Set - Season 1|12|Base | T13: =IF($S13="","",IFERROR(VLOOKUP($S13,'Pop Estimates (Non-#d)'!$N$2:$O$500,2,FALSE),"")) | U13: =IF($A13="","",IF($F13<>"",$F13,$T13)) | V13: =IF($A13="","",IF(ISNUMBER(SEARCH(" as ",$D13)),MID($D13,SEARCH(" as ",$D13)+4,255),IF(ISNUMBER(SEARCH("/",$D13)),LEFT($D13,FIND("/",$D13&"/")-1),""))) | W13: =IF($V13="","",TRIM(IFERROR(MID($V13,SEARCH("(", $V13)+1,SEARCH(")",$V13)-SEARCH("(", $V13)-1),$V13))) | X13: =IF($W13="","",TRIM(LEFT($W13&"""",FIND("""",$W13&"""")-1))) | Y13: =IF($X13="","",IFERROR(VLOOKUP($X13,'Char Popularity'!$A$2:$C$500,2,FALSE),"")) | Z13: =IF($X13="",1,IFERROR(VLOOKUP($X13,'Char Popularity'!$A$2:$C$500,3,FALSE),1)) -> 1 | AA13: =IF($H13<>"Y",0,(IF($F13<>"",ROUND(Dashboard!$R$4/$F13,1),IF(AND($I13="Base",$E13="Base"),Dashboard!$R$5,IF(AND($I13="Base",$E13="Red"),Dashboard!$R$6,IF(AND($I13="Base",$E13="Gold"),Dashboard!$R$7,VLOOKUP($I13,Dashboard!$Q$16:$R$21,2,FALSE)))))*VLOOKUP($I13,Dashboard!$Q$9:$R$13,2,FALSE)*IF(AND($I13="Auto",$F13="",OR($B13="Autographs Duals",$B13="Autographs Triples",$B13="Autographs Quads",$B13="Autographs Quads (Inscribed)")),IF($B13="Autographs Duals",2,IF($B13="Autographs Triples",3,4)),1))) -> 1 | AB13: =IF($L13=1,$AA13,0) -> 1 | AC13: =IF($M13=1,$AA13,0) -> 0
... A101: Base S1 | B101: Base Set - Season 1 | C101: 100 | D101: Honey, I'm Home | E101: Base | G101: N | H101: Y | I101: Base | J101: =IF($H101<>"Y",0,ROUND(MIN(Dashboard!$R$24,IF(IFERROR(VLOOKUP($B101,Dashboard!$Q$28:$S$60,2,FALSE),0)>0,IFERROR(VLOOKUP($B101,Dashboard!$Q$28:$S$60,2,FALSE),0),$Z101*IF($U101<>"",ROUND((Dashboard!$R$4/$U101)*VLOOKUP($I101,Dashboard!$Q$9:$R$13,2,FALSE)*IF(ISNUMBER(SEARCH("Duals",$B101)),2,IF(ISNUMBER(SEARCH("Triples",$B101)),3,IF(ISNUMBER(SEARCH("Quads",$B101)),4,1))),2),ROUND(VLOOKUP($I101,Dashboard!$Q$15:$R$20,2,FALSE)*IF($E101="Red",Dashboard!$R$6,IF($E101="Gold",Dashboard!$R$7,Dashboard!$R$5))*IF(ISNUMBER(SEARCH("Duals",$B101)),2,IF(ISNUMBER(SEARCH("Triples",$B101)),3,IF(ISNUMBER(SEARCH("Quads",$B101)),4,1))),2))*IF(IFERROR(VLOOKUP($B101,Dashboard!$Q$28:$S$60,3,FALSE),0)>0,VLOOKUP($B101,Dashboard!$Q$28:$S$60,3,FALSE),1))),0)) -> 1 | K101: =IF('Base S1'!C101="","",'Base S1'!C101) -> h | L101: =IF(AND($K101<>"",LEFT($K101,1)<>"Y"),1,0) -> 1 | M101: =IF(LEFT($K101,1)="Y",1,0) -> 0 | N101: =$L101+$M101 -> 1 | O101: =IF($H101="Y",1-$N101,0) -> 0 | P101: =IF($L101=1,$J101,0) -> 1 | Q101: =IF($M101=1,$J101,0) -> 0 | S101: =IF($A101="","",$A101&"|"&$B101&"|"&$C101&"|"&$E101) -> Base S1|Base Set - Season 1|100|Base | T101: =IF($S101="","",IFERROR(VLOOKUP($S101,'Pop Estimates (Non-#d)'!$N$2:$O$500,2,FALSE),"")) | U101: =IF($A101="","",IF($F101<>"",$F101,$T101)) | V101: =IF($A101="","",IF(ISNUMBER(SEARCH(" as ",$D101)),MID($D101,SEARCH(" as ",$D101)+4,255),IF(ISNUMBER(SEARCH("/",$D101)),LEFT($D101,FIND("/",$D101&"/")-1),""))) | W101: =IF($V101="","",TRIM(IFERROR(MID($V101,SEARCH("(", $V101)+1,SEARCH(")",$V101)-SEARCH("(", $V101)-1),$V101))) | X101: =IF($W101="","",TRIM(LEFT($W101&"""",FIND("""",$W101&"""")-1))) | Y101: =IF($X101="","",IFERROR(VLOOKUP($X101,'Char Popularity'!$A$2:$C$500,2,FALSE),"")) | Z101: =IF($X101="",1,IFERROR(VLOOKUP($X101,'Char Popularity'!$A$2:$C$500,3,FALSE),1)) -> 1 | AA101: =IF($H101<>"Y",0,(IF($F101<>"",ROUND(Dashboard!$R$4/$F101,1),IF(AND($I101="Base",$E101="Base"),Dashboard!$R$5,IF(AND($I101="Base",$E101="Red"),Dashboard!$R$6,IF(AND($I101="Base",$E101="Gold"),Dashboard!$R$7,VLOOKUP($I101,Dashboard!$Q$16:$R$21,2,FALSE)))))*VLOOKUP($I101,Dashboard!$Q$9:$R$13,2,FALSE)*IF(AND($I101="Auto",$F101="",OR($B101="Autographs Duals",$B101="Autographs Triples",$B101="Autographs Quads",$B101="Autographs Quads (Inscribed)")),IF($B101="Autographs Duals",2,IF($B101="Autographs Triples",3,4)),1))) -> 1 | AB101: =IF($L101=1,$AA101,0) -> 1 | AC101: =IF($M101=1,$AA101,0) -> 0
A102: Base S1 | B102: Black Parallel - Season 1 | C102: 1 | D102: Maeve Saves | E102: Black | F102: 25 | G102: N | H102: Y | I102: Base | J102: =IF($H102<>"Y",0,ROUND(MIN(Dashboard!$R$24,IF(IFERROR(VLOOKUP($B102,Dashboard!$Q$28:$S$60,2,FALSE),0)>0,IFERROR(VLOOKUP($B102,Dashboard!$Q$28:$S$60,2,FALSE),0),$Z102*IF($U102<>"",ROUND((Dashboard!$R$4/$U102)*VLOOKUP($I102,Dashboard!$Q$9:$R$13,2,FALSE)*IF(ISNUMBER(SEARCH("Duals",$B102)),2,IF(ISNUMBER(SEARCH("Triples",$B102)),3,IF(ISNUMBER(SEARCH("Quads",$B102)),4,1))),2),ROUND(VLOOKUP($I102,Dashboard!$Q$15:$R$20,2,FALSE)*IF($E102="Red",Dashboard!$R$6,IF($E102="Gold",Dashboard!$R$7,Dashboard!$R$5))*IF(ISNUMBER(SEARCH("Duals",$B102)),2,IF(ISNUMBER(SEARCH("Triples",$B102)),3,IF(ISNUMBER(SEARCH("Quads",$B102)),4,1))),2))*IF(IFERROR(VLOOKUP($B102,Dashboard!$Q$28:$S$60,3,FALSE),0)>0,VLOOKUP($B102,Dashboard!$Q$28:$S$60,3,FALSE),1))),0)) -> 40 | K102: =IF('Base S1'!H2="","",'Base S1'!H2) | L102: =IF(AND($K102<>"",LEFT($K102,1)<>"Y"),1,0) -> 0 | M102: =IF(LEFT($K102,1)="Y",1,0) -> 0 | N102: =$L102+$M102 -> 0 | O102: =IF($H102="Y",1-$N102,0) -> 1 | P102: =IF($L102=1,$J102,0) -> 0 | Q102: =IF($M102=1,$J102,0) -> 0 | S102: =IF($A102="","",$A102&"|"&$B102&"|"&$C102&"|"&$E102) -> Base S1|Black Parallel - Season 1|1|Black | T102: =IF($S102="","",IFERROR(VLOOKUP($S102,'Pop Estimates (Non-#d)'!$N$2:$O$500,2,FALSE),"")) | U102: =IF($A102="","",IF($F102<>"",$F102,$T102)) -> 25 | V102: =IF($A102="","",IF(ISNUMBER(SEARCH(" as ",$D102)),MID($D102,SEARCH(" as ",$D102)+4,255),IF(ISNUMBER(SEARCH("/",$D102)),LEFT($D102,FIND("/",$D102&"/")-1),""))) | W102: =IF($V102="","",TRIM(IFERROR(MID($V102,SEARCH("(", $V102)+1,SEARCH(")",$V102)-SEARCH("(", $V102)-1),$V102))) | X102: =IF($W102="","",TRIM(LEFT($W102&"""",FIND("""",$W102&"""")-1))) | Y102: =IF($X102="","",IFERROR(VLOOKUP($X102,'Char Popularity'!$A$2:$C$500,2,FALSE),"")) | Z102: =IF($X102="",1,IFERROR(VLOOKUP($X102,'Char Popularity'!$A$2:$C$500,3,FALSE),1)) -> 1 | AA102: =IF($H102<>"Y",0,(IF($F102<>"",ROUND(Dashboard!$R$4/$F102,1),IF(AND($I102="Base",$E102="Base"),Dashboard!$R$5,IF(AND($I102="Base",$E102="Red"),Dashboard!$R$6,IF(AND($I102="Base",$E102="Gold"),Dashboard!$R$7,VLOOKUP($I102,Dashboard!$Q$16:$R$21,2,FALSE)))))*VLOOKUP($I102,Dashboard!$Q$9:$R$13,2,FALSE)*IF(AND($I102="Auto",$F102="",OR($B102="Autographs Duals",$B102="Autographs Triples",$B102="Autographs Quads",$B102="Autographs Quads (Inscribed)")),IF($B102="Autographs Duals",2,IF($B102="Autographs Triples",3,4)),1))) -> 40 | AB102: =IF($L102=1,$AA102,0) -> 0 | AC102: =IF($M102=1,$AA102,0) -> 0
A103: Base S1 | B103: Black Parallel - Season 1 | C103: 2 | D103: Awww, How Cute! | E103: Black | F103: 25 | G103: N | H103: Y | I103: Base | J103: =IF($H103<>"Y",0,ROUND(MIN(Dashboard!$R$24,IF(IFERROR(VLOOKUP($B103,Dashboard!$Q$28:$S$60,2,FALSE),0)>0,IFERROR(VLOOKUP($B103,Dashboard!$Q$28:$S$60,2,FALSE),0),$Z103*IF($U103<>"",ROUND((Dashboard!$R$4/$U103)*VLOOKUP($I103,Dashboard!$Q$9:$R$13,2,FALSE)*IF(ISNUMBER(SEARCH("Duals",$B103)),2,IF(ISNUMBER(SEARCH("Triples",$B103)),3,IF(ISNUMBER(SEARCH("Quads",$B103)),4,1))),2),ROUND(VLOOKUP($I103,Dashboard!$Q$15:$R$20,2,FALSE)*IF($E103="Red",Dashboard!$R$6,IF($E103="Gold",Dashboard!$R$7,Dashboard!$R$5))*IF(ISNUMBER(SEARCH("Duals",$B103)),2,IF(ISNUMBER(SEARCH("Triples",$B103)),3,IF(ISNUMBER(SEARCH("Quads",$B103)),4,1))),2))*IF(IFERROR(VLOOKUP($B103,Dashboard!$Q$28:$S$60,3,FALSE),0)>0,VLOOKUP($B103,Dashboard!$Q$28:$S$60,3,FALSE),1))),0)) -> 40 | K103: =IF('Base S1'!H3="","",'Base S1'!H3) | L103: =IF(AND($K103<>"",LEFT($K103,1)<>"Y"),1,0) -> 0 | M103: =IF(LEFT($K103,1)="Y",1,0) -> 0 | N103: =$L103+$M103 -> 0 | O103: =IF($H103="Y",1-$N103,0) -> 1 | P103: =IF($L103=1,$J103,0) -> 0 | Q103: =IF($M103=1,$J103,0) -> 0 | S103: =IF($A103="","",$A103&"|"&$B103&"|"&$C103&"|"&$E103) -> Base S1|Black Parallel - Season 1|2|Black | T103: =IF($S103="","",IFERROR(VLOOKUP($S103,'Pop Estimates (Non-#d)'!$N$2:$O$500,2,FALSE),"")) | U103: =IF($A103="","",IF($F103<>"",$F103,$T103)) -> 25 | V103: =IF($A103="","",IF(ISNUMBER(SEARCH(" as ",$D103)),MID($D103,SEARCH(" as ",$D103)+4,255),IF(ISNUMBER(SEARCH("/",$D103)),LEFT($D103,FIND("/",$D103&"/")-1),""))) | W103: =IF($V103="","",TRIM(IFERROR(MID($V103,SEARCH("(", $V103)+1,SEARCH(")",$V103)-SEARCH("(", $V103)-1),$V103))) | X103: =IF($W103="","",TRIM(LEFT($W103&"""",FIND("""",$W103&"""")-1))) | Y103: =IF($X103="","",IFERROR(VLOOKUP($X103,'Char Popularity'!$A$2:$C$500,2,FALSE),"")) | Z103: =IF($X103="",1,IFERROR(VLOOKUP($X103,'Char Popularity'!$A$2:$C$500,3,FALSE),1)) -> 1 | AA103: =IF($H103<>"Y",0,(IF($F103<>"",ROUND(Dashboard!$R$4/$F103,1),IF(AND($I103="Base",$E103="Base"),Dashboard!$R$5,IF(AND($I103="Base",$E103="Red"),Dashboard!$R$6,IF(AND($I103="Base",$E103="Gold"),Dashboard!$R$7,VLOOKUP($I103,Dashboard!$Q$16:$R$21,2,FALSE)))))*VLOOKUP($I103,Dashboard!$Q$9:$R$13,2,FALSE)*IF(AND($I103="Auto",$F103="",OR($B103="Autographs Duals",$B103="Autographs Triples",$B103="Autographs Quads",$B103="Autographs Quads (Inscribed)")),IF($B103="Autographs Duals",2,IF($B103="Autographs Triples",3,4)),1))) -> 40 | AB103: =IF($L103=1,$AA103,0) -> 0 | AC103: =IF($M103=1,$AA103,0) -> 0
